Traffic source,Source type,Source title,Impressions,Impressions click-through rate (%),Views,Average view duration,Watch time (hours)
Total,,,26146,3.19,2052,0:33:01,1129.5039
YT_RELATED.OhiaZip8kEs,Content,autumn feels like poetry (calm piano for studying/relaxing) ğŸğŸ“š,82,6.1,41,0:46:54,32.0562
YT_RELATED.CjzoYPRO2Ys,Content,When the first snow falls | Piano Playlist,313,7.99,29,0:15:09,7.3271
YT_RELATED.A4SkhlJ2mK8,Content,a playlist for a quiet morning ğŸ autumn version.,56,7.14,25,0:47:08,19.6413
YT_RELATED.UXYPerMfMTI,Content,a warm piano playlist for early winter days â„ï¸,65,15.38,17,0:27:51,7.8937
YT_RELATED.4BNE0-MwpHs,Content,"Relaxing Music Relieves Stress, Calm Anxiety and Depression ğŸŒ¿ Bamboo Water Fountain, Calm the Mind",7,0,15,0:45:58,11.4951
YT_RELATED.CTK9OBuhv-E,Content,a playlist for a quiet morning â„ï¸ (winter version),123,10.57,15,0:23:18,5.8272
YT_RELATED.DeefjPfFtc4,Content,"â„ï¸ soft winter piano playlist (for studying, reading, or simply being)",25,4,13,0:37:21,8.0943
YT_RELATED.KrsZ2g8JWEI,Content,"Beautiful Relaxing Music ğŸ Gentle Autumn Melodies for Stress Relief, Deep Healing & Clear Mind",30,3.33,13,0:48:25,10.4928
YT_RELATED.ir6Td_YueEU,Content,dreamy winter â„ï¸ a peaceful piano playlist,90,4.44,13,0:54:15,11.7547
YT_RELATED.VwsWsdRfSI4,Content,a piano playlist for quiet day ğŸ (autumn edition),47,4.26,11,0:42:10,7.7322
YT_RELATED.cDQ-krl38yE,Content,"Beautiful Calming Music for Stress, Worry and Overthinking ğŸŒ¿ Relaxing Music for Emotional Balance",11,18.18,11,0:51:26,9.4311
YT_RELATED.ih4QukhAuAw,Content,"Peaceful Relaxing Music, Calming winter melodies for peaceful moments â„ï¸The Wildlife of Winter",25,20,11,0:37:43,6.9159
YT_RELATED.8VjH3L6Um1A,Content,"quiet december playlist â„ï¸ calm music for reading, studying & relaxing",48,12.5,10,0:31:54,5.3171
YT_RELATED.SkrxqJiIONs,Content,a quiet playlist for romanticizing winter (a country cottage living),102,4.9,10,0:22:35,3.7658
YT_RELATED.XTt5eeEa43s,Content,"Restore Your Nervous System ğŸŒ¿ Stress Relief, Stop Overthinking, Deep Sleep, Calming Music",14,0,10,0:54:51,9.1439
YT_RELATED.2anIPh3-3oA,Content,a calm playlist for reading by the christmas tree ğŸ„âœ¨,86,3.49,8,0:23:12,3.0952
YT_RELATED.TH0OGsKHDCI,Content,Winter Night Relaxation ğŸŒŒ | Gentle Christmas Piano for Deep Sleep 20.11,6,0,8,0:57:32,7.6726
YT_RELATED.XXIRWAEVs8o,Content,"Healing Music for Inner Peace ğŸŒ¿ Calm Nature Sounds for Stress Release & Deep Sleep, Relaxing Music",6,0,8,0:50:41,6.7589
YT_RELATED.CXw0FU57Qvg,Content,a comfort playlist for quiet people,65,6.15,7,0:26:43,3.1173
YT_RELATED.E1y_uF1SeYw,Content,a quiet playlist for quiet people (winter version) ğŸ¤,101,4.95,7,0:21:28,2.5048
YT_RELATED.FGKjA3elct4,Content,finding comfort in winter ğŸ•¯ï¸ (soft piano for quiet days),36,5.56,7,0:35:08,4.0994
YT_RELATED.J1F1FTRuTQA,Content,"this winter playlist will find you in the right time ğŸ„ (a playlist for reading, writing, studying)",74,4.05,7,0:36:44,4.2857
YT_RELATED.hIao9X2f3I4,Content,"quiet winter playlist â„ï¸ soft piano for reading, studying & relaxing",83,8.43,7,0:25:25,2.966
YT_RELATED.hwn0ZUmqLJM,Content,peaceful piano playlist to feel safe & relaxed ğŸ‚ (autumn edition),16,6.25,7,0:52:02,6.0725
YT_RELATED.kBXFUoqwrRE,Content,"these winter days (a calm playlist for reading a good book, writing, studying)",61,4.92,7,0:37:18,4.3519
YT_RELATED.shIoSfBVi3c,Content,the first scent of winter â„ï¸ (a peaceful piano playlist),23,4.35,7,0:28:35,3.3358
YT_RELATED.1R3AEVA6QnE,Content,Relaxing Music with Beautiful Winter Sceneriesâ„ï¸Nature Sounds for Overthinking Relief & Inner Calm,12,25,6,0:22:23,2.239
YT_RELATED.843keAlx3T4,Content,"Restore Your Nervous System ğŸŒ¿ Beautiful Relaxing Music, Stress Relief, Stop Overthinking",3,0,6,0:46:35,4.6584
YT_RELATED.KaX87a051tY,Content,"Soul Retreat in Nature ğŸŒ³ Healing Music for Stress Relief, Piano & Forest Sounds to Refresh Body",5,0,6,0:48:19,4.8317
YT_RELATED.Pern4FeAB5E,Content,"100% Anti-Stress Therapy for Mind, Body & Soul ğŸŒ§ï¸ Let the Rain and Birds Heal You ~ Deep Healing ğŸ’—",11,0,6,0:45:37,4.5627
YT_RELATED.RFrzq3x1F0k,Content,Workday Zen Birdsong ğŸ•Šï¸ğŸ•Šï¸ğŸ•Šï¸ & Piano for Stress Free Productivity,10,0,6,0:56:38,5.6643
YT_RELATED.VKRXzQwHNPA,Content,a quiet playlist for cozy morning â„ï¸ (winter version),56,8.93,6,0:20:14,2.0243
YT_RELATED.ZhdYN9XiAdw,Content,"When You Choose Softness â„ï¸ğŸŒ² Relaxing Guitar Music for Peace, Sleep & Deep Emotional Calm",38,15.79,6,0:10:30,1.0501
YT_RELATED.cBwyvpbRGCg,Content,"Cozy Winter Cottage | ğŸ„ğŸŒŸ Relaxing Christmas Soft Piano Music for Relax, Sleep, Study | 4K",94,5.32,6,0:34:11,3.4188
YT_RELATED.qmhu73voOpE,Content,poetic winter | a piano playlist,39,7.69,6,0:21:25,2.1421
YT_RELATED.sfsx2VTNzp4,Content,"Beautiful Healing MusicğŸŒ¿ Relaxing Music to Let Go of Negative Thoughts, Calming Nature Music",5,0,6,0:48:42,4.8703
YT_RELATED.tGCGCbAIWeg,Content,relaxing piano playlist to rest & recharge | slow life mode,26,0,6,0:41:44,4.1748
YT_RELATED.12oey7POan0,Content,"a quiet day playlist for relaxing, reading & journaling",12,16.67,5,0:43:17,3.6076
YT_RELATED.57XIp_vsQVY,Content,"calm piano music for studying, reading, or writing",10,20,5,0:38:34,3.2141
YT_RELATED.9GKKPOoTQF4,Content,"Beautiful Relaxing Music ğŸ Soothing Autumn Music For Stress Relief, Deep Relaxtion, Calm Nervous",14,0,5,0:26:37,2.2182
YT_RELATED.BI8D55sJLsE,Content,"Beautiful Relaxing Music, Calm Music, Peaceful Instrumental Musicâ„ï¸Magical Winter Wonderland",4,0,5,0:55:23,4.6159
YT_RELATED.H0NoecxGBVM,Content,"Relaxing Sleep Music + Insomnia ğŸŒ¿ Relieve Stress, Anxiety & Depression | Calm Mind & Body",6,0,5,0:40:02,3.3369
YT_RELATED.HMnC6FvMtSM,Content,Ğ˜ÑÑ†ĞµĞ»ÑÑÑ‰Ğ°Ñ Ğ¼ÑƒĞ·Ñ‹ĞºĞ° Ğ´Ğ»Ñ ÑĞµÑ€Ğ´Ñ†Ğ° Ğ¸ Ğ´ÑƒÑˆĞ¸ ğŸŒ¿ Ğ¡Ğ½ÑÑ‚Ğ¸Ğµ ÑÑ‚Ñ€ĞµÑÑĞ° Ğ¸ Ğ²Ğ½ÑƒÑ‚Ñ€ĞµĞ½Ğ½ĞµĞµ ÑĞ¿Ğ¾ĞºĞ¾Ğ¹ÑÑ‚Ğ²Ğ¸Ğµ #5,3,0,5,0:42:22,3.531
YT_RELATED.QC1S_QITRPU,Content,dreamy november playlist ğŸ soft piano & chill music for relaxation,28,14.29,5,0:24:08,2.0115
YT_RELATED.VVPKOC-f9FU,Content,ğŸ”¥Cozy Fireplace Crackling 24/7 | â„ï¸Snowy Cabin Views | Winter Ambience,37,13.51,5,0:42:31,3.5441
YT_RELATED.acDv6asTYas,Content,Autumn Morning Coffee ğŸ‚â€“ Soft Piano Melodies with Warm Light and Peaceful to Start Your Day ğŸŒ»,10,0,5,0:41:27,3.455
YT_RELATED.mQNiLrIqGFc,Content,a playlist for a quiet morning â„ï¸ (early winter edition),23,4.35,5,0:51:49,4.3184
YT_RELATED.wb8aOn8prao,Content,a quiet playlist for romanticizing winter holidays ğŸŒ²â˜ƒï¸ (christmas version),30,6.67,5,0:27:19,2.2769
YT_RELATED.2rwwhM4-O5g,Content,"a quiet autumn playlist for quiet people (reading, writing, or studying) ğŸ‚",6,16.67,4,0:33:22,2.2253
YT_RELATED.64pD4_3aS0E,Content,Snowy Night Library âœ¦ Cozy Winter Ambience with Piano & Guitar by the Fire,15,20,4,0:03:11,0.2128
YT_RELATED.8O-hISDiIx0,Content,Warm Winter Coffee Shop â„ï¸â˜• Gentle Piano Jazz & Crackling Fire for Calm Focus and Comfort,8,0,4,0:50:26,3.3625
YT_RELATED.AITFvyUT3Gc,Content,autumn feels like poetry (calm piano for studying/relaxing),27,3.7,4,0:20:42,1.3806
YT_RELATED.EPvcEOkWS0E,Content,Little Women: christmas morning (a playlist),57,7.02,4,0:16:01,1.0688
YT_RELATED.GibQ-kot0p8,Content,a playlist for quiet autumn afternoons ğŸ‚,15,0,4,1:00:18,4.0203
YT_RELATED.I8LeYja2vpI,Content,Healing Music for the Heart & Mind ğŸŒ¿ Nature Sounds for Stress Relief & Deep Sleep,4,0,4,0:57:59,3.8664
YT_RELATED.JNuuch0KajI,Content,Relax Gently with September Autumn ğŸ Soft Piano & Gentle Light for a Peaceful Start,7,0,4,1:00:08,4.0093
YT_RELATED.LuwmcoB_q6s,Content,a piano playlist for quiet day ğŸ (autumn edition),31,3.23,4,0:21:07,1.4087
YT_RELATED.MGiWddk2BCw,Content,Winter Tales of a Tiny World | Relaxing Background Music | Orchestral Playlist,22,13.64,4,0:29:30,1.9677
YT_RELATED.QeLlV6WP8tQ,Content,"Birds Chirping & Calm Nature Sounds | Peaceful Music for Relaxation, Study & Deep Sleep",7,0,4,0:47:30,3.1668
YT_RELATED.R8XXUQLk2PQ,Content,"Snowy, May Your Worries Melt Away â„ï¸ğŸŒ² Relaxing Guitar Music for Winter Night, Sleep & Cozy Focus",17,23.53,4,0:15:09,1.0103
YT_RELATED.TWTgLSE1TNs,Content,"Ğ’ĞĞ¡Ğ¡Ğ¢ĞĞĞĞ’Ğ›Ğ•ĞĞ˜Ğ• ĞĞ•Ğ Ğ’ĞĞĞ™ Ğ¡Ğ˜Ğ¡Ğ¢Ğ•ĞœĞ« ğŸŒ¿ ĞĞµĞ¶Ğ½Ğ°Ñ Ğ¼ÑƒĞ·Ñ‹ĞºĞ°, ÑƒÑĞ¿Ğ¾ĞºĞ°Ğ¸Ğ²Ğ°ĞµÑ‚ Ğ½ĞµÑ€Ğ²Ğ½ÑƒÑ ÑĞ¸ÑÑ‚ĞµĞ¼Ñƒ Ğ¸ Ñ€Ğ°Ğ´ÑƒĞµÑ‚ Ğ´ÑƒÑˆÑƒ #32",0,,4,1:00:18,4.0203
YT_RELATED.VYyOYGF0EPY,Content,ğŸ”¥ğŸ¼Quiet Winter Piano Lounge | Snow Outside & Fire Inside | Focus Study Work Meditation Relax Calm,40,10,4,0:16:18,1.0871
YT_RELATED.WWIY9VqVYLk,Content,Soothing Sounds for the Soul ğŸŒ¿ Music to Release Worry & Sleep Well,16,0,4,0:55:17,3.6859
YT_RELATED.YA1H0Zdhngs,Content,Cozy Christmas Ambience 2025 | Warm Fireplace & Soft Snow With Crackling Fire for Sleep and Calm,13,0,4,0:57:14,3.8158
YT_RELATED._YEVYAYlhDg,Content,Soothing Winter Melodies â€“ Calm Your Mind & Ease Tension,15,13.33,4,0:29:10,1.9451
YT_RELATED.banNs3P0TUA,Content,"Calming Music to Heal the HeartğŸŒ¿Relaxing Music, Stop Overthinking, Stress Relief Music, Sleep Music",3,33.33,4,0:40:49,2.7215
YT_RELATED.bou3ndCL-Xo,Content,"Morning Forest Ambience, Gentle River Sounds and Calming Birdsong for Sleep, Relaxation",5,0,4,1:00:02,4.0024
YT_RELATED.eyU4lGZYFJ4,Content,"Relaxing Music to Relieve Stress, Anxiety And Depression â€¢ Mind, Body & Soul Healing",4,0,4,1:00:19,4.0212
YT_RELATED.imLQUXjxGuk,Content,"Soothing, relaxing music reduces stress and stops thinking too much",7,0,4,0:49:02,3.2691
YT_RELATED.kZI0IpREbuQ,Content,relaxing piano playlist to feel safe & calm,18,11.11,4,0:23:42,1.5809
YT_RELATED.lrE8fWHHyW4,Content,winter _____ . | peaceful acoustic,18,22.22,4,0:24:46,1.6516
YT_RELATED.n6EUwWbOg6A,Content,Cozy Winter Window with Some Dark Academia Piano | Victorian Manor Ambience | Studying Alone,9,33.33,4,0:16:37,1.1081
YT_RELATED.u1INzh4UZFA,Content,you found this playlist on a quiet winter coffee morning â„ï¸,13,15.38,4,0:43:13,2.8814
YT_RELATED.z57PQq1cuDU,Content,a calm playlist for slow weekends ğŸ (late autumn edition),9,0,4,0:45:13,3.0149
YT_RELATED.0-nAVbArc38,Content,"Restore Your Nervous System â„ï¸ Beautiful Relaxing Music, Winter Healing Music, Stress Relief",6,33.33,3,0:40:19,2.0161
YT_RELATED.2lgB5UYUziY,Content,a comfort playlist for a quiet moment.,6,33.33,3,0:10:10,0.5086
YT_RELATED.3Dpd3g_O7go,Content,"Relaxing Music + Water Sounds for Meditation ğŸŒ¿ Relieves Anxiety and Depression, Deep Healing",1,0,3,1:00:18,3.0152
YT_RELATED.3KgWqu-1Ojc,Content,Winter Bridge Melancholy | Dark Academia Piano Ambience for Writers & Study,7,14.29,3,0:40:13,2.011
YT_RELATED.3bLPiSSp67Q,Content,Enchanting Winter Lantern â„ï¸ Peaceful Classical Music for Sleep & Focus (1 Hour),24,4.17,3,0:17:00,0.8505
YT_RELATED.5J2IlicefDI,Content,"Relaxing Piano Music with Nature Sounds ğŸŒ¿ Stress Relief, Anxiety Healing, Deep Sleep",0,,3,0:27:57,1.398
YT_RELATED.7CZgwT7mAtI,Content,playlist to feel life like a daydream ğŸ‚,3,0,3,0:44:26,2.2222
YT_RELATED.7GPnBFo20XY,Content,"Calming Music to Heal the Heart ğŸŒ¿ Healing Music for Stress Relief, Forest Sounds to Refresh Body",7,0,3,1:00:18,3.0152
YT_RELATED.7jt-k36wLAo,Content,"Music Heals the Heart & Blood VesselsğŸŒ¿Calming Piano Music for Stop Overthinking, Stress Relief",10,0,3,0:49:06,2.4557
YT_RELATED.9Srk5Ie3e4w,Content,"Soothing Relaxation Music + Water Sound ğŸƒ Relaxing Music for Stress Relief, Deep Sleep,Calm the Mind",3,0,3,0:21:08,1.0573
YT_RELATED.AdvDomHPp-w,Content,Ğ’Ğ¾ÑÑÑ‚Ğ°Ğ½Ğ¾Ğ²Ğ»ĞµĞ½Ğ¸Ğµ Ğ½ĞµÑ€Ğ²Ğ½Ğ¾Ğ¹ ÑĞ¸ÑÑ‚ĞµĞ¼Ñ‹ ğŸŒ¿ ĞĞµĞ¶Ğ½Ğ°Ñ Ğ¼ÑƒĞ·Ñ‹ĞºĞ° Ğ´Ğ»Ñ Ğ²Ğ½ÑƒÑ‚Ñ€ĞµĞ½Ğ½ĞµĞ³Ğ¾ Ğ¿Ğ¾ĞºĞ¾Ñ Ğ¸ ÑĞ½ÑÑ‚Ğ¸Ñ ÑÑ‚Ñ€ĞµÑÑĞ° #8,2,0,3,0:40:17,2.0144
YT_RELATED.AsT3aNBCtc8,Content,"Restore nervous systemğŸŒ¿Relaxing Piano Music, Sleep & Stress Relief with Calming Nature Sounds",5,0,3,0:57:07,2.8566
YT_RELATED.Eoerou8Abi8,Content,Stress Melts Away in 5 Minutes ~ Rain with Sweet Birds ğŸŒ§ï¸â£ï¸ Eliminate Negativity & Stop Overthinking,5,0,3,0:41:52,2.0935
YT_RELATED.EvPEXA2iH4g,Content,slow living (a quiet life playlist),14,21.43,3,0:01:28,0.0737
YT_RELATED.GhptIRMn7Bo,Content,Medieval Music â€” Christmas Fantasy in a Snowy Kingdom | Relaxing Celtic Winter Ambience for Study,9,33.33,3,0:20:39,1.0329
YT_RELATED.Iy6WmnUs-9o,Content,"Relaxing Music + Bamboo Water Sounds ğŸŒ¿ Deep Sleeping Music, Stress Relief, Calm the Mind, Spa BGM",3,0,3,0:47:38,2.3824
YT_RELATED.PoQsBhAXKyQ,Content,Warm Coffee Guitar ~ Peaceful Winter Morning Instrumental Music,9,44.44,3,0:25:44,1.2874
YT_RELATED.ShzqWdPXw9Q,Content,Snowy Winter Morning â„ï¸ Beautiful Relaxing Music for Stress Relief ~ Tranquil Winter Piano,6,16.67,3,0:43:38,2.1818
YT_RELATED.UKbZ4r88z3Q,Content,The quiet beauty of everyday life | Piano Playlist,44,6.82,3,0:14:14,0.7123
YT_RELATED.XNtDIyG5LXE,Content,"Quiet NightğŸŒ² â„ï¸ | Peaceful Ambient Music for Sleep, Meditation & Relaxation",22,13.64,3,0:21:27,1.0729
YT_RELATED.YSHwJAXccW8,Content,"Relaxing Winter 2025 â„ï¸Peaceful Piano Music, Soothing Instrumental Music ~ Relax and Unwind",2,0,3,1:00:18,3.0152
YT_RELATED.Z_zDVJWQ7go,Content,Ğ˜ÑÑ†ĞµĞ»ÑÑÑ‰Ğ°Ñ Ğ¼ÑƒĞ·Ñ‹ĞºĞ° Ğ´Ğ»Ñ ÑĞµÑ€Ğ´Ñ†Ğ° Ğ¸ Ğ´ÑƒÑˆĞ¸ ğŸŒ¿ Ğ¡Ğ½ÑÑ‚Ğ¸Ğµ ÑÑ‚Ñ€ĞµÑÑĞ° Ğ¸ Ğ²Ğ½ÑƒÑ‚Ñ€ĞµĞ½Ğ½ĞµĞµ ÑĞ¿Ğ¾ĞºĞ¾Ğ¹ÑÑ‚Ğ²Ğ¸Ğµ #4,3,0,3,1:00:18,3.0152
YT_RELATED._CdIEcJOpEc,Content,peaceful piano playlist to feel the beauty of everyday life,9,0,3,1:00:18,3.0152
YT_RELATED.bMjzkAQGhFw,Content,"Simply listen for 4 minutes to release all stress â€“ Heal Your Heart, Stop Overthinking and AnxietyğŸƒğŸŒ¸",24,0,3,0:42:06,2.1057
YT_RELATED.f453AvHiLzM,Content,"Calm December Winter at Cozy Coffee Shop Ambience â˜ƒï¸ Soft Jazz Background Music for Work, Studying",3,100,3,0:21:02,1.0524
YT_RELATED.gbCclsDPJao,Content,Relaxing music soothes the nervous system ğŸŒ¿ Music heals the heart and blood vessels,4,50,3,0:22:35,1.1295
YT_RELATED.hgUGe1cf3So,Content,"Ghibli Chill ğŸŒŠ Studying, coffee, reading, healing ğŸ§ Ghibli Music",6,0,3,0:48:38,2.432
YT_RELATED.iDHwfqPqcKk,Content,A sleepy village life | Piano Playlist,10,20,3,0:40:12,2.0107
YT_RELATED.jlBSw4MBHC8,Content,"Classical music fights brain damage: heals, good for memory, restores good mood",8,25,3,0:33:12,1.6605
YT_RELATED.k0pXYezHh6g,Content,"Restore the Nervous System ğŸ‚ Beautiful Autumn Music, Calming Healing Music, Relaxing Nature Sounds",1,0,3,0:42:35,2.1295
YT_RELATED.k0sgNK3-Duk,Content,"Beautiful Relaxing Music - Stop Overthinking, Stress Relief Music, Sleep Music, Calming Music #7",3,0,3,1:00:18,3.0152
YT_RELATED.k25NaRv0X78,Content,Rain and Birdsong to Rest Your Mind ~ Gain Mental Clarity in Minutes â€“ Unlock Inner Peace Now ğŸŒ§ï¸ğŸƒ,1,0,3,0:56:18,2.8153
YT_RELATED.kxRwhVT1pVk,Content,"peaceful piano music for relaxation, reading & slow mornings ğŸ‚",7,14.29,3,0:20:18,1.0151
YT_RELATED.n3nEs2lSZhY,Content,ğŸ§ Snowfall Lounge Ambience | Soft Piano & Cozy Fire | Winter Relaxation for Study Focus Sleep Calm,2,0,3,0:46:58,2.3484
YT_RELATED.pRUKDYquujU,Content,a playlist for romanticizing autumn afternoons ğŸ‚,24,12.5,3,0:29:57,1.4976
YT_RELATED.pm0YhJrhcQs,Content,"Peaceful Relaxing Music, Soothing Instrumental Musicâ„ï¸First Snow of November",10,10,3,1:00:18,3.0152
YT_RELATED.qgad7kyk1Iw,Content,Ludovico Einaudi - Nuvole Bianche (Soft & Reflective Piano Version),4,50,3,0:27:17,1.3645
YT_RELATED.rTOcCkU2vEQ,Content,â„ï¸ğŸ„ A Cozy Christmas playlist | Peaceful Piano Music for Relaxation Focus Reading Study & Inner Calm,22,13.64,3,0:41:14,2.0621
YT_RELATED.sEWNEzBJMqQ,Content,life feels like a daydream (relaxing/studying/reading playlist),8,12.5,3,1:00:03,3.003
YT_RELATED.wVTtuRcYt_I,Content,"Relaxing Music Relieves Stress, Calm Anxiety and Depression ğŸŒ¿ Bamboo Water Fountain, Calm the Mind",3,33.33,3,1:00:18,3.0152
YT_RELATED.zKKWfOKGjbk,Content,"Music Heals the HeartğŸŒ¿Beautiful Relaxing Music for Deep Inner Peace, Nature Sounds for Stress Relief",2,0,3,0:57:49,2.8915
YT_RELATED.-PO700uew7k,Content,"ĞœÑƒĞ·Ñ‹ĞºĞ° Ğ´Ğ»Ñ Ğ·Ğ´Ğ¾Ñ€Ğ¾Ğ²Ğ¾Ğ³Ğ¾ ÑĞµÑ€Ğ´Ñ†Ğ° Ğ¸ ÑĞ¿Ğ¾ĞºĞ¾Ğ¹Ğ½Ğ¾Ğ³Ğ¾ ÑƒĞ¼Ğ° ğŸŒ¿ ĞĞ½Ñ‚Ğ¸ÑÑ‚Ñ€ĞµÑÑ, Ñ€Ğ°ÑÑĞ»Ğ°Ğ±Ğ»ĞµĞ½Ğ¸Ğµ Ğ¸ Ğ³Ğ°Ñ€Ğ¼Ğ¾Ğ½Ğ¸Ñ #4",1,0,2,0:34:20,1.145
YT_RELATED.-Rurfb97yXE,Content,"Beautiful Relaxing Music - Stop Overthinking, Stress Relief Music, Sleep Music, Calming Music #10",5,0,2,0:54:23,1.8131
YT_RELATED.-Xil_qj8xkw,Content,"Soothing, relaxing music for calming the mind, restoring peace and emotional renewal",1,0,2,1:00:18,2.0101
YT_RELATED.-ZMUpVhTByk,Content,When Youâ€™re Tired of Pretending Youâ€™re Okay ğŸŒ· Soft Healing for the Weight You Never Share,0,,2,0:48:08,1.6048
YT_RELATED.-nfLMMCj8vk,Content,December is a Beauty â„ï¸ğŸ„Relaxing Guitar Music for Winter Nights & Cozy Christmas Calm,18,11.11,2,0:00:14,0.0079
YT_RELATED.-ssU7wR9IUE,Content,"Beautiful Relaxing Music ğŸ Soothing Autumn Music For Stress Relief & Healing, Calm Nervous",4,0,2,0:38:15,1.2751
YT_RELATED.0BMDcJVFP70,Content,"a quiet winter playlist for quiet people (reading, writing, or studying) â˜ƒï¸",15,6.67,2,0:31:39,1.0552
YT_RELATED.0RR1G_NxKyE,Content,"Celtic Christmas Carols, Soft Holiday Christmas Music ""Snowy Winter Sleigh Ride"" by Tim Janis",0,,2,0:18:42,0.6237
YT_RELATED.16NSm2FD1Mo,Content,"Soothes Your Mind ğŸŒ¿ Relaxing Music for Stop Overthinking, Stress Relief, Sleep, Calm, Heal",4,0,2,0:34:08,1.138
YT_RELATED.1J5CIzQAlgY,Content,A playlist for quiet hearts..,4,25,2,0:30:10,1.0059
YT_RELATED.1XeR4B2N4v8,Content,"Episode 02: Ãªtre une femme au Japon:  grossesse, des Ã©tapes coÃ»teuses et parfois difficiles",0,,2,0:10:44,0.3582
YT_RELATED.3bPCHy1rAkA,Content,Ode to the ordinary | Piano Playlist,30,6.67,2,0:45:36,1.5202
YT_RELATED.3hV5GtMCeZw,Content,Winter Kingdom - Beautiful Cello Music for the Soul,13,15.38,2,0:03:17,0.1095
YT_RELATED.4khIPP--FDU,Content,"Beautiful Piano Music 24/7 - Study Music, Relaxing Music, Sleep Music, Meditation Music",0,,2,1:04:31,2.1509
YT_RELATED.6Ust9EjlaYs,Content,a calm piano playlist for living a quiet life in a small winter town âœ¨ğŸ„ (reading/studying),7,28.57,2,0:00:22,0.0124
YT_RELATED.6qnmhfH1Jgo,Content,Beautiful Relaxing Music ğŸ Soft Autumn Sounds for Stress Relief & Healing,7,0,2,1:00:18,2.0101
YT_RELATED.7yZRj29e20w,Content,Relaxing Winter Sun Guitar Music | Gentle Acoustic Instrumental & Cafe Vibes,2,50,2,0:50:44,1.6916
YT_RELATED.8Ddgy5tCKtg,Content,"Playlist | ë‹¤ê°€ì˜¤ëŠ” ì—°ë§, ê²¨ìš¸ ë¶„ìœ„ê¸°ë¥¼ ë”í•  ì¬ì¦ˆ í”Œë¦¬ â¤ï¸Â | ë“£ê¸°ë§Œ í•´ë„ ì„¤ë ˆëŠ” í¬ë¦¬ìŠ¤ë§ˆìŠ¤ ì¬ì¦ˆ ëª¨ìŒ | ë§¤ì¥ ì¹´í˜ â˜•ï¸  | Relaxing Jazz Music",6,33.33,2,0:24:13,0.8077
YT_RELATED.98gKLwJECUs,Content,"Beautiful Relaxing Music - Stop Overthinking, Stress Relief Music, Sleep Music, Calming Music #177",3,0,2,0:06:18,0.2102
YT_RELATED.9id5-zrTPV4,Content,"Soothing Music & Nature Sounds for Sleep, Meditation, Relax ğŸŒ¿ Bamboo Water Fountain, Calm the Mind",3,0,2,0:45:09,1.5054
YT_RELATED.9nt-V7LsBZM,Content,a playlist for a quiet morning â˜˜ï¸ğŸƒğŸŒ„,6,33.33,2,0:08:50,0.2948
YT_RELATED.9zRpnb7P7eg,Content,a comfort playlist for a quiet night,17,5.88,2,0:00:30,0.017
YT_RELATED.AisesMOZpzQ,Content,(No Ads) Tranquil Sleep Instantly Within 5 Minutes â€¢ Overcome Stress â€¢ Instant Relaxation,4,0,2,0:33:47,1.1261
YT_RELATED.CUs2NoQpFIU,Content,Winter Dreams by the Fireside ~ Gentle Guitar Music & Snowy Forest Calm,11,18.18,2,0:00:08,0.0049
YT_RELATED.DTHrNhk_E8o,Content,"Healing Sleep Music ğŸŒ¿ Relieve Stress, Anxiety & Depression | Deep Sleep Healing for Body & Soul",1,100,2,0:32:57,1.0984
YT_RELATED.DVMc2ysLBVc,Content,CALM - Soaking worship instrumental | Prayer and Devotional,7,28.57,2,0:00:49,0.0274
YT_RELATED.Do5mKZVhZ8k,Content,"GOOD MORNING MUSIC - Happy and Positive EnergyğŸŒBackground Music for Stress Relief, Study, Meditation",4,0,2,1:00:18,2.0101
YT_RELATED.DpbptRrXy_8,Content,"Christmas Ambience | The Polar Express 2004 | Calm Nostalgic Soundtrack, Winter Wind White Noise",8,12.5,2,0:06:42,0.2238
YT_RELATED.ESF7c-sqyWw,Content,"Restore your nervous system ğŸŒ¿ Beautiful relaxing music and nature sounds for deep sleep, Calm music",0,,2,1:00:18,2.0101
YT_RELATED.EUiMVa9FAnI,Content,Sleeping Music For Deep Sleeping â€¢ Stop Overthinking â€¢ Find Deep Mental Stillness & Calm #3,0,,2,1:00:18,2.0101
YT_RELATED.GVFdmCFvFzM,Content,"ğğ¥ğšğ²ğ¥ğ¢ğ¬ğ­ â€¢ The Princess Waltz - When Love Begins ~ Fairytale Waltz Music ì™ˆì¸ ,ì‚¬ë‘ì´ ì‹œì‘ë˜ëŠ” ìˆœê°„ğŸ’•",3,66.67,2,0:00:18,0.01
YT_RELATED.GmCkO6lcCfM,Content,"Ğ£ÑĞ¿Ğ¾ĞºĞ°Ğ¸Ğ²Ğ°ĞµÑ‚, Ğ²Ğ¾ÑÑÑ‚Ğ°Ğ½Ğ°Ğ²Ğ»Ğ¸Ğ²Ğ°ĞµÑ‚ Ğ½ĞµÑ€Ğ²Ğ½ÑƒÑ ÑĞ¸ÑÑ‚ĞµĞ¼Ñƒ ğŸŒ¿ ĞŸĞµÑ€ĞµÑÑ‚Ğ°Ğ½ÑŒÑ‚Ğµ Ğ´ÑƒĞ¼Ğ°Ñ‚ÑŒ, Ğ¼ÑƒĞ·Ñ‹ĞºĞ° Ğ´Ğ»Ñ ÑĞ½ÑÑ‚Ğ¸Ñ ÑÑ‚Ñ€ĞµÑÑĞ° #4",2,0,2,0:53:40,1.7891
YT_RELATED.HYNxhvobOUw,Content,ğŸ”¥â„ï¸ Calm Piano and Fire Crackling | Snowy Evening Ambience | 3 Hours for Relax Calm Healing Focus,9,11.11,2,0:21:13,0.7073
YT_RELATED.Kh-bpe_T258,Content,"Relaxing Sleep Music + Bamboo Water Sounds ğŸŒ¿ Calming Music for Sleep, Eliminate Stress, Meditation",3,0,2,1:00:18,2.0101
YT_RELATED.LMSOG__feyA,Content,"Soothing, relaxing music reduces stress and stops thinking too much",1,100,2,0:30:46,1.0256
YT_RELATED.MEgWNVkq5rU,Content,Relaxing Piano Music and Nature Sounds for Stop Overthinking ğŸŒ¿ Restore Your Nervous System,3,0,2,0:31:08,1.0383
YT_RELATED.N6fekNythNQ,Content,Classical Music for Winter,10,20,2,0:02:10,0.0724
YT_RELATED.NdHDG9pxq9k,Content,"Music Therapy ğŸ Stop Overthinking, Stress Relief & Healing With Autumn Melodies",8,12.5,2,0:32:03,1.0684
YT_RELATED.NdgLj3-tEgM,Content,Fantasy World - Beautiful Sad Piano Song Instrumental,2,100,2,0:21:21,0.7122
YT_RELATED.NfVbGR8bOvs,Content,December 2025 Playlist ğŸ„ | 2h Indie Pop/Folk Music for Peaceful Winter Nights & Warm Hearts,4,25,2,0:00:30,0.0172
YT_RELATED.NgqIMgWLxSQ,Content,Worship Session - 17/01/23,1,0,2,0:00:03,0.002
YT_RELATED.OIGQss5Es6I,Content,ğğ¥ğšğ²ğ¥ğ¢ğ¬ğ­ â€¢ Red Brick and Sunset Tea â˜•ï¸,3,66.67,2,0:32:08,1.0715
YT_RELATED.PPl9ioO_MlI,Content,"a calm autumn playlist for reading, studying or writing ğŸ‚",11,9.09,2,0:24:23,0.8133
YT_RELATED.Qsd3JngRHng,Content,Peaceful 1950s Winter Morning | Gentle Vintage Jazz with Oldies Playing in Another Room,3,66.67,2,0:18:42,0.6234
YT_RELATED.RI9Jwd3BhUY,Content,The Difference Between a Beautiful Home and a Tacky One,0,,2,0:00:25,0.014
YT_RELATED.S8I0MdfBvbs,Content,"a dreamy piano playlist for autumn, tea and reading",15,6.67,2,0:15:37,0.5208
YT_RELATED.T7dnxavj6vc,Content,Ğ’Ğ·Ğ²ĞµÑˆĞ¸Ğ²Ğ°Ğ½Ğ¸Ğµ Ğ±Ğ¾Ñ€Ñ†Ğ¾Ğ² Ğ´Ğ¾ 52 ĞºĞ³.,1,200,2,0:00:33,0.0187
YT_RELATED.TFuGEwDELqA,Content,a comfort playlist for a quiet moment,31,3.23,2,0:32:05,1.0699
YT_RELATED.U0MmgBi2AOk,Content,ì°¨ê°€ìš´ ê³µê¸° ìœ„ì— ë‚´ë ¤ì•‰ì€ ë”°ë“¯í•œ í¬ë¦¬ìŠ¤ë§ˆìŠ¤,20,5,2,0:43:43,1.4573
YT_RELATED.UFBAJ2Do2us,Content,Journey of Life,6,33.33,2,1:00:18,2.0101
YT_RELATED.VA-y08_xesI,Content,Peaceful Winter Sun Guitar | Gentle Acoustic Ambiance and Coffee Jazz Sounds,10,20,2,0:30:48,1.027
YT_RELATED.VKTIUAyCkYk,Content,"Top 7 Swiss Hidden Gems in the Alps + Relaxing Music , 4K",0,,2,0:56:17,1.8763
YT_RELATED.VTUDAi2WNgA,Content,"Taylor Swift ğŸ’« From teen country star to global icon, her storytelling resonates worldwide",1,200,2,0:30:09,1.005
YT_RELATED.Viw97dPEjs0,Content,"FALL ASLEEP INSTANTLY â€“ Heavy Rain & Relaxing Piano for Emotional Healing, Peaceful Sleep",0,,2,0:45:04,1.5028
YT_RELATED.WMlf3ofgAZM,Content,Crisp autumn days | Piano Playlist,6,33.33,2,0:09:33,0.3188
YT_RELATED.WqocXW4JUdk,Content,a calm playlist for reading,8,0,2,0:38:07,1.2709
YT_RELATED.WrG_JB312FM,Content,Stress Relief Music for Sleep ğŸŒ¿ Gentle Healing Sounds That Soothe the Mind and Heart Deeply,8,0,2,1:00:18,2.0101
YT_RELATED.WwGNfju9-Mg,Content,"ĞĞµĞ¶Ğ½Ğ°Ñ Ğ¼ÑƒĞ·Ñ‹ĞºĞ°, ÑƒÑĞ¿Ğ¾ĞºĞ°Ğ¸Ğ²Ğ°ĞµÑ‚ Ğ½ĞµÑ€Ğ²Ğ½ÑƒÑ ÑĞ¸ÑÑ‚ĞµĞ¼Ñƒ Ğ¸ Ñ€Ğ°Ğ´ÑƒĞµÑ‚ Ğ´ÑƒÑˆÑƒ ğŸŒ¿ Ñ†ĞµĞ»ĞµĞ±Ğ½Ğ°Ñ Ğ¼ÑƒĞ·Ñ‹ĞºĞ° Ğ´Ğ»Ñ ÑĞµÑ€Ğ´Ñ†Ğ° Ğ¸ ÑĞ¾ÑÑƒĞ´Ğ¾Ğ² #5",1,0,2,0:42:53,1.4296
YT_RELATED.ZBHTd3WU2To,Content,"Quiet Mornings - Classical Music for Relaxation | Bach, Schubert, Mozart...",12,16.67,2,0:30:09,1.0051
YT_RELATED._CSUzrybSxM,Content,Calm Chinese Tea Music for Relaxation and Meditation Asian Instrumental Background,1,0,2,1:00:18,2.0101
YT_RELATED._Scr8cHBdsY,Content,"â„ï¸â˜• Cozy Breakfast playlist | Peaceful Piano Music for Relaxation, Focus Reading Study & Inner Calm",3,66.67,2,0:38:02,1.2681
YT_RELATED._b23MI6bjG8,Content,a playlist for a quiet writing,16,12.5,2,0:09:56,0.3315
YT_RELATED._zsFZIhhsho,Content,"Morning Bliss â˜• Relaxing Piano Music for a Calm Start, Soothing Melodies & Nature Sounds ğŸï¸",4,0,2,1:00:18,2.0101
YT_RELATED.aQA4SVUEmwo,Content,autumn feels like poetry ğŸ‚ (calm piano for studying/relaxing),24,4.17,2,0:14:45,0.4921
YT_RELATED.ae3j9OSz54s,Content,"In 5 Minutes, Your Mind Will Return to Peace ğŸ’— Rainy Garden Ambience for Deep Emotional Healing ğŸƒğŸŒ§ï¸",9,11.11,2,0:08:02,0.2678
YT_RELATED.arAa0G5c6jw,Content,Fall Asleep Fast with Calming Piano â€¢ Healing Sleep Music for Overthinking Cure & Anxiety Relief,0,,2,1:00:18,2.0102
YT_RELATED.c2YZp2U6mK4,Content,"ĞĞµĞ¶Ğ½Ğ°Ñ Ğ»ĞµÑ‡ĞµĞ±Ğ½Ğ°Ñ ğŸŒ¸ Ğ¼ÑƒĞ·Ñ‹ĞºĞ° Ğ·Ğ´Ğ¾Ñ€Ğ¾Ğ²ÑŒÑ Ğ¸ Ğ´Ğ»Ñ ÑƒÑĞ¿Ğ¾ĞºĞ¾ĞµĞ½Ğ¸Ñ Ğ½ĞµÑ€Ğ²Ğ½Ğ¾Ğ¹ ÑĞ¸ÑÑ‚ĞµĞ¼Ñ‹, Ğ³Ğ»ÑƒĞ±Ğ¾ĞºĞ¾Ğ³Ğ¾ Ñ€ĞµĞ»Ğ°ĞºÑĞ° #3",2,0,2,1:00:18,2.0101
YT_RELATED.cBV7c-5n5Ak,Content,The First Snow FallsğŸ„Enchanting Winter Nature with Sounds Fireplace & Peaceful Piano Music,0,,2,1:00:18,2.0101
YT_RELATED.cM1UMi3KhoI,Content,ğğ¥ğšğ²ğ¥ğ¢ğ¬ğ­ â€¢ Winter FairyğŸ§š â„ï¸Enchanted Whimsical Christmas songsğŸ’«ğŸ„,8,25,2,0:02:14,0.0747
YT_RELATED.ck4UXUz_pOg,Content,a playlist for quiet mornings,10,10,2,0:30:24,1.0134
YT_RELATED.cmvRTuC_74s,Content,youâ€™re studying in a secret garden (aesthetic instrumental playlist),6,16.67,2,1:00:18,2.0101
YT_RELATED.cwCxv6DTDP4,Content,Báº£n Troi Ke 140 Full ThÃ¡i HoÃ ng,1,200,2,0:03:42,0.1238
YT_RELATED.e0adQ4Jve6g,Content,Calm Winter Coffeehouse â˜•ğŸ”¥ Gentle Jazz Piano & Warm Fireplace for Studying and Working,6,16.67,2,0:30:13,1.0073
YT_RELATED.eAwIwHDWsck,Content,"Healing Music for the Soul ğŸŒ¿ Relaxing Music for Emotional Balance, Calming music, Stop overthinking",3,0,2,1:00:18,2.0101
YT_RELATED.eGiyYB1NXHY,Content,GRATITUDE | Peaceful Winter Worship Piano â„ï¸ Cozy Christmas Worship & Bible Verses That Bring Hope,1,0,2,0:59:38,1.9879
YT_RELATED.fXqUZaeuuyw,Content,Autumn Serenity | Soft Piano & Gentle Birdsong for Deep Relaxation,2,0,2,0:31:33,1.0521
YT_RELATED.fjxGZCKC9ZM,Content,"Snowy Forest Gifts| ğŸ¦ŒğŸ„Cozy Piano Music to Sleep, Relax, Study Amidst the Pines  | 4K",9,11.11,2,0:41:31,1.3844
YT_RELATED.fpi70USEM4Q,Content,"Soothing Deep Sleep (No Ads) â€¢ Healing of Stress, Anxiety and Depressive States",7,0,2,0:37:28,1.2492
YT_RELATED.gxWRBS1yDOA,Content,Fairy Tale Music for Drawing & Inspiration ğŸ»ğŸ¦‰ Mystical Owls & Moonlit Forest,4,0,2,0:16:32,0.5515
YT_RELATED.hXms5wjIa_0,Content,FPT Shop: ChÆ°Æ¡ng TrÃ¬nh Khuyáº¿n MÃ£i ThÃ¡ng 11,0,,2,1:00:18,2.0101
YT_RELATED.iA1VAbGZPSk,Content,"Deep Sleep Therapy (No Ads) â€¢ Calm Mind, Release Tension â€¢ End Insomnia Forever Tonight",3,0,2,0:55:44,1.858
YT_RELATED.iICbk4quJOg,Content,"Calming Sound of Rain and Birds Chirping â€“ 100% Reduce Stress, and Calm Your Mind Naturally ğŸƒğŸ’–| 4K",1,0,2,1:00:18,2.0101
YT_RELATED.k6bdZiBLpZk,Content,"Soothing Winter Music - Stop Overthinking, Stress Relief Melodies",1,0,2,1:00:18,2.0101
YT_RELATED.k9lQENRt1Ww,Content,Winter Cabin Retreat ~ Relaxing Guitar Music for Snowy Evenings,21,9.52,2,0:00:05,0.0032
YT_RELATED.ll2sjIQY3xk,Content,the first breath of winter â„ï¸ soft music for quiet souls,11,0,2,0:29:27,0.9817
YT_RELATED.mYej_n_BBsA,Content,Every New Day is Another ChanceğŸ„â„ï¸ğŸŒ² Relaxing Guitar Music for Winter Mornings & Peaceful Christmas,18,11.11,2,0:00:12,0.0069
YT_RELATED.mtR46nYxrxs,Content,"Soothes, Restores the Nervous System ğŸŒ¿ Stop Overthinking, Stress Relief Music, Deep Sleep Music",2,0,2,0:43:13,1.4409
YT_RELATED.oAfI337yboA,Content,Cozy Christmas Ambience 2025 | Relaxing Piano Music & Snowfall for Sleep and Holiday Calm,7,0,2,0:53:12,1.7734
YT_RELATED.pRkzCgz3mP0,Content,Winter Coffee Jazzâ„ï¸Cozy Jazz with a Snowfall Winter Ambience for a Relaxing DayğŸ„,2,0,2,0:34:01,1.1342
YT_RELATED.pwOKn_JsuSo,Content,Ğ˜ÑÑ†ĞµĞ»ÑÑÑ‰Ğ¸Ğµ Ğ·Ğ²ÑƒĞºĞ¸ Ğ¿Ñ€Ğ¸Ñ€Ğ¾Ğ´Ñ‹ Ğ´Ğ»Ñ Ğ³Ğ°Ñ€Ğ¼Ğ¾Ğ½Ğ¸Ğ¸ Ñ ÑĞ¾Ğ±Ğ¾Ğ¹ Ğ¸ ÑƒĞ¼Ğ¸Ñ€Ğ¾Ñ‚Ğ²Ğ¾Ñ€ĞµĞ½Ğ¸Ñ Ñ€Ğ°Ğ·ÑƒĞ¼Ğ°.,1,100,2,0:30:16,1.0094
YT_RELATED.qFnBbbwXsV8,Content,This Quiz Will Help You Unwind! 101 Fun Questions,0,,2,0:33:55,1.1307
YT_RELATED.sGvNEsLT9VE,Content,"Healing Sleep Music: Relaxing Piano Music & Ocean Waves - Deep Rest, Insomnia Relief, Relaxation",1,0,2,0:22:41,0.7566
YT_RELATED.talRDCCgN9Q,Content,When the Wind Spoke | Fantasy Celtic Ambience | Relaxing Music [No Ads],12,0,2,0:10:14,0.3414
YT_RELATED.u6kA1KHGiaM,Content,the first scent of winter (a quiet piano playlist),20,10,2,0:00:36,0.0203
YT_RELATED.v8G6hzzx-5E,Content,"Peaceful Relaxing Music, Calming instrumental music for peace â„ï¸The Wildlife of Winter",12,0,2,1:00:21,2.012
YT_RELATED.vrk6hN6CVVc,Content,Ø±ÙˆØ§Ø¦Ø¹ ÙˆØ§Ø¦Ù„ ÙƒÙÙˆØ±ÙŠ _ Ø£Ø¬Ù…Ù„ Ø§Ù„Ø§ØºØ§Ù†ÙŠ ÙˆØ§Ù„Ø±ÙˆØ§Ù‚,3,0,2,1:00:18,2.0101
YT_RELATED.vx_EWEXjs_o,Content,"a quiet playlist for books, tea, and watching the snow",41,4.88,2,0:06:45,0.2254
YT_RELATED.w7brpxPmvhU,Content,Foundling | Award Winning Animated Short Movie,1,0,2,0:17:09,0.5718
YT_RELATED.w82OdJ8ZBo4,Content,Cozy Winterï½œ90 Minutes Relaxing Guitar & Piano â€“ Warm Holiday Instrumental Music,6,0,2,0:13:24,0.4469
YT_RELATED.wSETwYnS3OE,Content,"Beautiful Relaxing Music ğŸ€ Soothing music for deep relaxation, mental clarity and serenity",3,33.33,2,0:30:40,1.0224
YT_RELATED.x-iLOaTaofY,Content,ğğ¥ğšğ²ğ¥ğ¢ğ¬ğ­ â€¢ the little snowflake | a quiet piano playlist,27,7.41,2,0:33:57,1.1322
YT_RELATED.x3UUJT7jtAQ,Content,The gentle patter of rain on windows | Piano Playlist,30,6.67,2,0:25:18,0.8436
YT_RELATED.yggpmtYqpsQ,Content,Relaxing Snowfall in New York City in a Cozy Apartment with Vintage Oldies Playing in Another Room,5,0,2,0:12:11,0.4066
YT_RELATED.ykMwvI7aW0g,Content,"Music therapy ğŸŒ¿Helps You Heal Your Heart and Soul, Restore Your Nervous System, Relax and Healing",1,0,2,1:00:18,2.0101
YT_RELATED.yq-Q4s53pvc,Content,Morning Energy Playlist â˜€ï¸ Feel Good Music for Coffee & Work | Morning Chillout Playlist,2,50,2,0:29:58,0.9992
YT_RELATED.yua0tInyy3s,Content,ğŸŒ¨ï¸ğŸ¹ Cozy Room Winter Piano | Snow Falling Outside | 3 Hours Sleep Aid & Stress Relief Study Work,16,6.25,2,0:30:14,1.0079
YT_RELATED.z3ttxXVIO6o,Content,Daylight,4,50,2,0:30:08,1.0045
YT_RELATED.-0R-Pgg5z7s,Content,166 Sá»° THáº¬T ÄEN Tá»I vá» táº¥t cáº£ cÃ¡c tÆ°á»›ng trong LiÃªn Minh Huyá»n Thoáº¡i,1,100,1,0:00:05,0.0016
YT_RELATED.-1RM_WH4Fd0,Content,Rose Gold Light Therapy (528Hz) Heart Awakening - Sacred Feminine Healing - Magdalene Codes,2,50,1,1:00:18,1.0051
YT_RELATED.-4gIwM2hyO8,Content,"ğŸ Merry Little Jazz Christmas  ğŸ„ Frank Sinatra, Brenda Lee & Nat King Cole Vibes",3,33.33,1,0:00:12,0.0036
YT_RELATED.-5iIdxPxCoE,Content,Christmas Market - ambience and soft music | atmosphere of a market with Christmas music ğŸ„,1,100,1,1:00:18,1.0051
YT_RELATED.-79WD4UofcY,Content,"Cozy Hobbit Hole in Tranquility Forest Winter | Melodies Magical Music & Snowy, Crackling ASMR",1,100,1,0:03:10,0.0528
YT_RELATED.-7b6GiYFMGA,Content,"Warm Autumn Cafe Ambience ğŸ Gentle Piano Jazz & Rainy Street Vibes for Reading, Focus, Relaxation",1,0,1,1:00:18,1.0051
YT_RELATED.-Gckl_DL7uI,Content,"JONES, PAVANATO, DOM E CORTEZ | ZONA DE FOGO",1,0,1,0:04:54,0.0819
YT_RELATED.-OgYmLXc0yU,Content,"Relaxing Water Stream Sounds | Water Sounds & Birds | Sleep, Study, Meditation",0,,1,1:00:18,1.0051
YT_RELATED.-RgjCsfUvaQ,Content,Arranquei tudo da parede do kitnet e agora qual vai ser o prÃ³ximo passo ???,0,,1,0:04:37,0.0772
YT_RELATED.-S9Xyi3GLmw,Content,"Peaceful Night Piano Music  - Soothing Piano Music For Stress Relief, Anxiety and Depressive States",1,0,1,0:06:34,0.1096
YT_RELATED.-aTdLO30bfI,Content,"Cozy Snowy Cabin Night: Soft Fireplace Crackles & Falling Snow for Deep Sleep, Study and Relaxation",1,100,1,0:00:03,0.001
YT_RELATED.-dik8SwrOEQ,Content,1 Hour of Asian Mum Cooking to Help You Study / Focus / Practice,1,100,1,0:00:08,0.0022
YT_RELATED.-kJeiDmOeVw,Content,ğŸŒ™ ë°¤í•˜ëŠ˜ì— ìŠ¤ë¯¼ ê·¸ë¦¬ì›€ | ê°€ìŠ´ ìš¸ë¦¬ëŠ” ë“œë¼ë§ˆ ë°œë¼ë“œ (ê°€ì‚¬ìˆìŒ),1,100,1,0:59:38,0.994
YT_RELATED.-m5_N5m-Cfk,Content,"Healing Sleep Music â€¢ Relaxing Piano for Deep Rest, Stress & Anxiety Relief â€¢ Goodbye Insomnia",1,0,1,1:00:18,1.0051
YT_RELATED.-n1p5NV86g8,Content,a playlist to romanticize autumn evenings,6,0,1,0:14:59,0.2499
YT_RELATED.-sTbRyHKg94,Content,Chill Lo-Fi Drive in Japan  #04 | Peaceful Morning Drive POV 4K,0,,1,0:38:40,0.6447
YT_RELATED.-wDWsdbTFF0,Content,ÙÙŠØ±ÙˆØ²ÙŠØ§Øª Ø§Ù„ØµØ¨Ø§Ø­ Ø²ÙŠÙˆØ±Ø® Ø³ÙˆÙŠØ³Ø±Ø§  Ø£Ø¬ÙˆØ§Ø¡ Ø§Ù„Ù…Ø·Ø± Ø¨Ø¯Ù‚Ø© Ø¹Ø§Ù„ÙŠØ©  Fairuz and rainy day in  ZÃ¼rich 4K,1,0,1,1:00:18,1.0051
YT_RELATED.-yI0ZFn7arM,Content,"Peaceful Nature 4K Relaxing Music| Stop Overthinking, Calm Music for Stress Relief, Great Deep Sleep",0,,1,0:21:07,0.3521
YT_RELATED.0G1RcQvupuc,Content,"ÙÙŠØ±ÙˆØ² ÙˆØ£Ø¬ÙˆØ§Ø¡ Ø§Ù„Ø·Ø±ÙŠÙ‚ Ø§Ù„Ø³Ø§Ø­Ø±,Ø¯Ù‚Ø© Ø¹Ø§Ù„ÙŠØ© Ø¬Ø¯Ø§ ,Ù…Ø´ÙˆØ§Ø± Ù‡Ø§Ø¯Ø¦ ÙÙŠ Ù…Ø¯ÙŠÙ†Ø© France, Monaco.Fairouz in the Car.4K",0,,1,0:14:35,0.2433
YT_RELATED.0LYQGS51jGs,Content,"Soothing Autumn Music for Restore Your Nervous System ğŸStress Relief, Stop Overthinking, Deep Sleep",3,0,1,0:52:04,0.868
YT_RELATED.0Md1KVJjXVY,Content,Valle Salvaje Episodio 307 SubtÃ­tulos es,0,,1,0:15:45,0.2626
YT_RELATED.0Ni00XDSd6E,Content,Calm Mountains - Tibetan Healing Relaxation Music - Ethereal Meditative Ambient Music,1,100,1,0:00:13,0.0039
YT_RELATED.0WaNWymVPYc,Content,Melt Stress Hormones Birdsong ğŸ•Šï¸ğŸ•Šï¸ğŸ•Šï¸ & Piano Escape,1,0,1,1:00:18,1.0051
YT_RELATED.0_Z3Sg-wEVI,Content,"Gray City â€” Melancholic Piano Music for Studying, Focus, Work, Relaxing | Dark Academia Music",2,50,1,0:00:01,0.0003
YT_RELATED.0aDvfrrc-GA,Content,"The Alps 4K | Heaven on Earth â€“ Stunning Views from Switzerland, Italy & Austria",0,,1,1:00:18,1.0051
YT_RELATED.0bBukJAlkmc,Content,this beautiful little life | a piano playlist,31,3.23,1,0:40:14,0.6706
YT_RELATED.0dJc-7iMCao,Content,Thomas Kellerâ€™s butter-poached lobster sent me into a state of pure delirium,1,100,1,0:21:01,0.3505
YT_RELATED.0h0jh4TJlQ0,Content,"Restores The Nervous System ğŸŒ¿ Stop Overthinking, Stress Relief Music, Sleep Music",4,0,1,1:00:18,1.0051
YT_RELATED.0hNiiOwcI5A,Content,Zdravko ÄŒoliÄ‡ - KuÄ‡a puna naroda - (Official Video 2018),1,100,1,0:02:48,0.0467
YT_RELATED.0pANRezWlQE,Content,Hotel Silver arcade Premier ,0,,1,0:54:50,0.9141
YT_RELATED.0pPRU_nKo9I,Content,RESTORATION OF THE NERVOUS SYSTEM ğŸ•Šï¸ Gentle Music for Emotional Healing | Healing Positive,1,0,1,1:00:18,1.0051
YT_RELATED.0tr9PCxd-2M,Content,"Kitap AlÄ±ÅŸveriÅŸi | ÃœÃ§lemeler, DÃ¶rtlemeler | YalnÄ±zca Ã‡ok Ciltli Eserler",1,100,1,0:22:52,0.3814
YT_RELATED.0uJIJT1dOM0,Content,Thereâ€™s hope,1,100,1,0:05:28,0.0912
YT_RELATED.0yx3XtfM5EI,Content,Golden afternoon light | Piano Playlist,1,0,1,0:05:32,0.0922
YT_RELATED.0zvMykq2WGU,Content,Oldies Christmas Jazz | Vintage Streetcar Holiday Cheer | Frank Sinatra Style Warmth,7,14.29,1,0:10:17,0.1716
YT_RELATED.10l0ErnyFZc,Content,"Relaxing Spa Music - Beautiful Peaceful, Calm Music, Meditation, Nature Sounds, Bamboo Water Sounds",1,0,1,1:00:18,1.0051
YT_RELATED.14-SO_l_sok,Content,Peaceful Christmas - Classical Music Gems,1,100,1,1:00:18,1.0051
YT_RELATED.14KJbNBsqbM,Content,"Beautiful Bull Moose Thinks He's Boss, Until He Meets the Giant #moose",1,100,1,0:13:28,0.2246
YT_RELATED.197nsWu4shE,Content,Lagrima - Guitar Lesson + TAB,1,100,1,0:06:07,0.102
YT_RELATED.19WjLFRYzxk,Content,ĞŸĞ¾Ñ‡ĞµĞ¼Ñƒ Ğ”ÑƒÑ…Ğ¾Ğ²Ğ½Ğ¾Ğµ ĞŸÑ€Ğ¾Ğ±ÑƒĞ¶Ğ´ĞµĞ½Ğ¸Ğµ Ğ›Ğ¾Ğ¼Ğ°ĞµÑ‚ ĞŸĞ¾Ñ‡Ñ‚Ğ¸ Ğ’ÑĞµÑ… â€” ĞšĞ°Ñ€Ğ» Ğ®Ğ½Ğ³,0,,1,2:02:25,2.0403
YT_RELATED.19cY88mkg44,Content,Riding Through Golden Woods | Medieval Music for Emotional Healing & Serenity,2,50,1,0:05:27,0.0911
YT_RELATED.1C4YxK6-3CU,Content,Soothing BirdsongğŸ•Šï¸ğŸ•Šï¸ğŸ•Šï¸ & Piano Instant Stress Relief,1,0,1,1:00:18,1.0051
YT_RELATED.1GzKYoyrlkA,Content,"FOREST RIVER SOUNDS, BEAUTIFUL BIRDSONG, RELAXING NATURE SOUNDS with @GoodMorningBirds",1,100,1,0:41:05,0.6849
YT_RELATED.1PIK8UQtpEY,Content,ğŸŒ™ (No Ads) Deep Sleep Music for Peaceful Dreams â€“ Let Go of Stress & Restore Inner Balance Tonight âœ¨,0,,1,0:34:00,0.5667
YT_RELATED.1PL7U6SDLvs,Content,"Christmas Jazz Music, Fireplace Sounds & Snowy Lakeside Views, Best Christmas Songs with Fireplace",4,25,1,0:02:52,0.0479
YT_RELATED.1TgNVNoxPw8,Content,"Dance The Night Scene | BARBIE (2023) Margot Robbie, Movie CLIP HD",0,,1,0:18:37,0.3105
YT_RELATED.1V4AscLidWg,Content,HIM - Join Me In Death,1,100,1,0:12:23,0.2066
YT_RELATED.1Wy5xbqcbEU,Content,ìˆ¨ê²¨ì§„ ì—¬ë¦„ : ì•„ì§ í”¼ì§€ ì•Šì€ ê¸°ì–µë“¤,1,100,1,0:00:01,0.0003
YT_RELATED.1_kxOogpOVQ,Content,"Beautiful Relaxing MusicğŸŒ¿ Stop Overthinking, Stress Relief Music, Sleep Music",4,0,1,1:00:18,1.0051
YT_RELATED.1eI40dIHjl8,Content,A Journey Through the Dream Valley | Fantasy Music for Relaxation & Focus,2,50,1,0:00:03,0.001
YT_RELATED.1eiRMNvikLg,Content,Awaken the Dawn Official - Stanton Lanier,5,20,1,0:01:00,0.0168
YT_RELATED.1gNosZirr0o,Content,PÃ©terfy Bori & Love Band - Szikra (feat. PÃ¡ndi BalÃ¡zs),1,100,1,0:00:08,0.0024
YT_RELATED.1gVegL9WKR4,Content,"Autumn Nature, Soothing Autumn Music ğŸ Beautiful Relaxing Music For Stress Relief, Deep Relaxation",1,0,1,1:00:18,1.0051
YT_RELATED.1jgyoj7ZP30,Content,ğŸŒ¤ï¸ Whispers of the Morning â€“ Soft Piano & Gentle Light for a Peaceful Start | 4K ğŸŒ¼,3,0,1,1:00:18,1.0051
YT_RELATED.1zKawectR0M,Content,"Peaceful Winter Night in December  â† Soft Piano, Snowfall & Crackling Fireplace Sounds for Sleep",2,0,1,1:00:18,1.0051
YT_RELATED.20Ny3jnbjIc,Content,Ğ¢Ğ¸ - ĞšĞ¾ÑĞ¼Ğ¾Ñ - Ğ¾Ñ„Ñ–Ñ†Ñ–Ğ¹Ğ½Ğ¸Ğ¹ Ñ‚Ñ€ĞµĞ¹Ğ»ĞµÑ€ â„–2,0,,1,0:00:32,0.0091
YT_RELATED.24Ws9LEwDfw,Content,"ğŸ“– 2 Hours Reading with Clouds in the Hills | Peaceful Piano & Birdsong for Study, Relaxation & Focus",1,100,1,0:14:54,0.2486
YT_RELATED.2Ad8xhdSs4Q,Content,MÃºsicas ClÃ¡ssicas ao Piano | Acalmar e Pacificar | Calm Classical Piano,0,,1,1:00:18,1.0051
YT_RELATED.2GidKMdynVM,Content,FRANKENSTEIN (2025): Ai má»›i lÃ  QUÃI Váº¬T THá»°C Sá»°?,1,100,1,0:16:42,0.2785
YT_RELATED.2Ta7WOxaGGc,Content,"GRATEFUL MOMENT - Soothing Worship Instrumental for Prayer, Devotion, and Peace",1,100,1,0:16:48,0.2801
YT_RELATED.2UUDSBD-Vnw,Content,One Hour of Beautiful Instrumental Hymns | Peaceful and Relaxing Music | Taryn Harbridge,1,100,1,0:00:06,0.0017
YT_RELATED.2dSwv-Z1Ebg,Content,a playlist for a quiet morning â„ï¸ (winter version),5,20,1,0:06:11,0.1032
YT_RELATED.2iCf6idfFdw,Content,Ballade Pour Adeline (Richard Clayderman),1,100,1,1:00:18,1.0051
YT_RELATED.2rVf6SPrt0s,Content,"â„ï¸Calming December Snow Musicâ˜•Relaxing Piano Music for Winter Calm & Peaceful, Soothing, Stress",0,,1,1:00:18,1.0051
YT_RELATED.2xEdmigmytk,Content,"Soothing Piano Music to Restore Your Nervous System ğŸŒ¿ Beautiful Relaxing Music, Stress Relief",2,0,1,1:00:18,1.0051
YT_RELATED.343is5d84os,Content,Soft music soothes the nervous system and refreshes the soul ğŸŒ¿ Music heals the heart and mind,3,0,1,0:39:52,0.6647
YT_RELATED.36YnV9STBqc,Content,"The Good Life RadioÂ â€¢Â 24/7 Live Radio | Best Relax House, Chillout, Study, Running, Gym, Happy Music",1,100,1,0:07:58,0.1329
YT_RELATED.37h9fBSr77U,Content,ÎÎ¯ÎºÎ¿Ï‚ ÎŸÎ¹ÎºÎ¿Î½Î¿Î¼ÏŒÏ€Î¿Ï…Î»Î¿Ï‚ ÎœÎ¯Î± Î£Ï…Î½Î­Î½Ï„ÎµÏ…Î¾Î· Î±Ï€ÏŒ ÎšÎ±ÏÎ´Î¹Î¬Ï‚  Î† ÎœÎ­ÏÎ¿Ï‚ - Î’' ÎœÎ­ÏÎ¿Ï‚  #ant1 #gossip #news,0,,1,0:08:48,0.1468
YT_RELATED.3Cq4BvierDw,Content,"Gentle music, calms the nervous system and pleases soul- Healing music for heart & blood vessels #20",0,,1,0:31:03,0.5175
YT_RELATED.3FZ2tX9Rui0,Content,Ù‚Ù‡ÙˆØ© Ø§Ù„ØµØ¨Ø§Ø­ â˜•ï¸ğŸ’•ğŸ¶Ø£Ø¬Ù…Ù„ Ø§ØºØ§Ù†ÙŠ ÙÙŠØ±ÙˆØ² Ø§Ù„ØµØ¨Ø§Ø­ÙŠØ© Fayrouz morning,0,,1,1:00:18,1.0051
YT_RELATED.3GjuDArn-JU,Content,(NO ADS) Fall Asleep Deep Sleep in 5 Minutes â€¢ Emotional & Physical Restoration â€¢ Stop Overthinking,2,0,1,1:00:18,1.0051
YT_RELATED.3KsdiYsKSQA,Content,Ø³ÙˆØ±Ø© Ø§Ù„Ù…Ø§Ø¦Ø¯Ø© Ø­ÙØµ Ø¹Ù† Ø¹Ø§ØµÙ… | Ø§Ù„Ø´ÙŠØ® Ù…Ø´Ø§Ø±ÙŠ Ø±Ø§Ø´Ø¯ Ø§Ù„Ø¹ÙØ§Ø³ÙŠ | Surah Al-Ma'ida Mishary Alafasy,0,,1,1:00:18,1.0051
YT_RELATED.3OiFBPi0K4Y,Content,ê²¨ìš¸ ê°ì„± íŒì†¡ í”Œë¦¬ â„ï¸ í¬ê·¼í•˜ê³  ì”ì”í•œ ë…¸ë˜ ëª¨ìŒ | Design making tutorial,2,50,1,0:05:52,0.098
YT_RELATED.3YEa-xA-gqg,Content,â„ï¸December 1st : Winter Magic of Hogwarts | Harry Potter 4k Music and Cozy Winter Ambience,5,0,1,0:50:22,0.8396
YT_RELATED.3c-piIO3cFk,Content,Phil Wickham - Song Of The Saints (Full Album Listen Through),1,100,1,0:00:02,0.0007
YT_RELATED.3hhQVFHYZsw,Content,ÙÙŠØ±ÙˆØ²ÙŠØ§Øª  Ø§Ù„ØµØ¨Ø§Ø­ Ø³Ø§Ø¹Ø© Ù…Ù† Ø£Ø¬Ù…Ù„  Ø£ØºØ§Ù†ÙŠ ÙÙŠØ±ÙˆØ² â™¥ï¸ ğŸ¼ğŸ¶â™¥ï¸Ø¨Ø§Ù‚Ø© Ù…Ù† Ø£Ø±ÙˆØ¹ Ø£ØºØ§Ù†ÙŠ ÙÙŠØ±ÙˆØ² Ù…Ø¹ Ù‚Ù‡ÙˆØ© Ø§Ù„ØµØ¨Ø§Ø­ ğŸ¶â™¥ï¸,2,0,1,1:00:18,1.0051
YT_RELATED.3sKf0VYjfts,Content,"Japanese Zen Music â€“ Peaceful Focus, Deep Calm, Mindful Balance, Relaxation & Gentle Healing",3,33.33,1,0:00:04,0.0014
YT_RELATED.3tzrluxtlpY,Content,Ram Dass - Sua Realidade Ã© Relativa,0,,1,0:20:27,0.341
YT_RELATED.41TrutgjWuM,Content,mort committing literal crimes for over 4 minutes straight,0,,1,1:00:18,1.0051
YT_RELATED.4672bixesNY,Content,Peder B. Helland - Forest Sanctuary,1,100,1,0:00:38,0.0107
YT_RELATED.4AamhnTWtjw,Content,"a calm playlist for reading, studying or writing ğŸ“– pt. 2",2,0,1,0:13:29,0.2249
YT_RELATED.4ENuzv-Xe0Q,Content,Quiet Outpost | Meditative Ambient Music Beneath the Stars [DEEP FOCUS MODE],2,50,1,0:01:50,0.0306
YT_RELATED.4JCohMqDmXY,Content,"Try Listening For 3 Minutes â€¢ Fall Asleep Instantly â€¢ Healing Of Stress, Anxiety and Depression",0,,1,1:00:18,1.0051
YT_RELATED.4KnAbE1-9KQ,Content,"Beautiful Relaxing Music â˜˜ï¸ Stop Overthinking, Stress Relief Music, Calming Music, Music Therapy",0,,1,0:19:13,0.3204
YT_RELATED.4LI8wAn7yn4,Content,"2 NgÃ y 1 ÄÃªm MÃ¹a 4 | Táº­p 91: HIEUTHUHAI bá»‹ ""tháº£o kháº¥u"" chÆ¡i xáº¥u, ""Háº±ng Nga"" Äá»— Nháº­t HoÃ ng lá»™ diá»‡n",3,0,1,1:00:18,1.0051
YT_RELATED.4Oxy09-WKto,Content,"TimothÃ©e Chalamet & Adam Sandler Rewatch 'Dune,' 'Uncut Gems,' 'Marty Supreme' & More | Vanity Fair",0,,1,1:00:18,1.0051
YT_RELATED.4Pc2Z9JJ9fc,Content,ğğ¥ğšğ²ğ¥ğ¢ğ¬ğ­ â€¢ Golden Stardust â˜€ï¸ - Harmony of light and petals âœ¨ğŸŒ¼,3,33.33,1,0:00:07,0.0021
YT_RELATED.4V8iHuamTg4,Content,Co jste nevidÄ›li v Show Jana Krause 26. 11. 2025,1,0,1,0:27:16,0.4545
YT_RELATED.4bxRnp3JRIk,Content,"Ğ£ÑĞ¿Ğ¾ĞºĞ°Ğ¸Ğ²Ğ°ĞµÑ‚ Ğ¸ Ğ²Ğ¾ÑÑÑ‚Ğ°Ğ½Ğ°Ğ²Ğ»Ğ¸Ğ²Ğ°ĞµÑ‚ Ğ½ĞµÑ€Ğ²Ğ½ÑƒÑ ÑĞ¸ÑÑ‚ĞµĞ¼Ñƒ ğŸŒ¿ ĞŸĞµÑ€ĞµÑÑ‚Ğ°Ğ½ÑŒÑ‚Ğµ Ğ´ÑƒĞ¼Ğ°Ñ‚ÑŒ, Ğ¼ÑƒĞ·Ñ‹ĞºĞ° ÑĞ½Ğ¸Ğ¶Ğ°ĞµÑ‚ ÑÑ‚Ñ€ĞµÑÑ #2",0,,1,0:01:17,0.0216
YT_RELATED.4c7UsNn59-A,Content,"Luxury Soft Piano Morning | Gentle Melodies for Relaxation, Mindfulness & Quiet Mornings",2,50,1,0:00:59,0.0165
YT_RELATED.4cg8sllytfg,Content,Healing Ocean and Piano Music For Deep Sleep - Relaxing Sounds To Relieve Stress And Calm The Mind,2,0,1,1:00:18,1.0051
YT_RELATED.4gMVT0iNvaE,Content,A Charlie Brown Christmas - Vince Guaraldi Trio - Full Album Fireplace Yule Log / Official Video,1,100,1,0:01:43,0.0288
YT_RELATED.4idixRtn-9I,Content,a misty morning in november (a late-autumn playlist),4,25,1,0:02:47,0.0466
YT_RELATED.4jltiDzB1u4,Content,Stop Overthinking â€¢ Relieve Stress and Find Calm,1,100,1,0:59:40,0.9947
YT_RELATED.4koxY_VdT_M,Content,"Calming Music for Sleep, Relax, Meditation ğŸŒ¿ Relaxing Music and Water Sound, Deep Healing Music, Spa",0,,1,0:19:52,0.3312
YT_RELATED.4qMXSaW_Wrc,Content,cozy december (a playlist for quiet moments),1,100,1,0:11:04,0.1844
YT_RELATED.4qVPxgpXf0Q,Content,ÙˆØ§Ø­Ø¯ Ø§Ù„ØªØ³Ø§ÙÙŠØ±Ø© Ù…Ø®Ø·ÙˆÙØ© Ù„Ø¨Ù„Ø¬ÙŠÙƒØ§ Ù…Ø¹ Ù…Ø§Ù…Ø§ Ùˆ Ø¨Ø§Ø¨Ø§ ØŒ Ù‡Ø§ ÙƒÙŠÙØ§Ø´ Ø¯Ø§Ø²Øª Ø§Ù„Ø£Ø¬ÙˆØ§Ø¡ âœˆï¸ğŸ˜,0,,1,0:01:28,0.0245
YT_RELATED.557uF3XKPd8,Content,"After 5 minutes listen, you will restore quickly ğŸŒ§ï¸ Birdsong & Gentle Rain to Melt Stress Instantly",2,0,1,0:56:09,0.9359
YT_RELATED.58Ah9imTIfc,Content,"Beautiful Relaxing Music ğŸŒ¿ Soothing Melodies for the Heart and Mind, Healing Music, Sleep Music",3,0,1,0:54:11,0.9032
YT_RELATED.5AZqpCsXWHc,Content,Top Instrumental Worship & Hymns - 5 Hours of Relaxing Acoustic Guitar,1,100,1,0:36:49,0.6137
YT_RELATED.5ApLqNI3DY4,Content,VLOGMAS: ODWIEDZIÅYÅšMY NAJWIÄ˜KSZY JARMARK W LONDYNIE!,0,,1,0:06:04,0.1012
YT_RELATED.5EXUDo-H9MQ,Content,à¹€à¸›à¸´à¸”à¸›à¸£à¸°à¸§à¸±à¸•à¸´ Contra à¹€à¸à¸¡à¸¢à¸´à¸‡à¹à¸«à¸¥à¸à¸‚à¸§à¸±à¸à¹ƒà¸ˆà¸¡à¸«à¸²à¸Šà¸™ | Game History,2,50,1,1:00:23,1.0065
YT_RELATED.5GKoxn5C5ow,Content,"Healing Piano, Birdsong and Rainfall ğŸŒ§ï¸ğŸƒ Relieve Stress, Anxiety & Depression | Calm Mind & Body",2,50,1,0:00:09,0.0026
YT_RELATED.5GroWAOn8h8,Content,"The World's Best Classical Instrumental Music, Relaxing Guitar Music Eliminates Stress",3,0,1,0:42:11,0.7032
YT_RELATED.5MuI3z5jW-o,Content,Napi IGE | A jellemed az Ã¼zeneted | 2025.12.04,1,0,1,0:57:01,0.9504
YT_RELATED.5QkC9qslbT8,Content,"Beautiful Relaxing MusicğŸŒ¿ Stop Overthinking, Stress Relief Music, Sleep Music",4,0,1,1:00:18,1.0051
YT_RELATED.5QrlLqaLEs8,Content,Calm Medieval Music | Tranquil Fantasy Ambience for Deep Relaxation,5,20,1,0:09:28,0.1579
YT_RELATED.5T23eYT086I,Content,Cozy Cabin Ambience 2025 â€¢ Relaxing Piano Music & Snowfall for Sleep and Holiday Calm,0,,1,1:00:18,1.0051
YT_RELATED.5Ux3NCj-6PY,Content,a playlist for a quiet morning ğŸ (autumn edition),1,0,1,2:00:36,2.0101
YT_RELATED.5Yie5l4r3AQ,Content,Soft Peaceful Christmas Classics: One Hour of Pure Holiday Magic,5,20,1,0:00:16,0.0046
YT_RELATED.5ayqFawPspo,Content,ğ™¥ğ™¡ğ™–ğ™®ğ™¡ğ™ğ™¨ğ™©  ì¡°ìš©íˆ í©ì–´ì ¸ ì‚¬ë¼ì§€ë“¯ì´,0,,1,0:04:44,0.079
YT_RELATED.5bxNWszH_sw,Content,Super Strong Girl vs Bodybuilder Battle,1,0,1,0:00:02,0.0008
YT_RELATED.5c8ccb3SdeE,Content,Listen to this when you're feeling lonely,6,16.67,1,0:20:07,0.3355
YT_RELATED.5dmrEv_c_pQ,Content,"Music therapy ğŸŒ¿Soothes the nervous system and refreshes the soul, relaxing #3",4,0,1,1:00:18,1.0051
YT_RELATED.5qXHNOWp58I,Content,"Beautiful Relaxing MusicğŸŒ¿ Stop Overthinking, Calm Nature Sounds for Stress Release & Deep Sleep",5,0,1,0:00:09,0.0026
YT_RELATED.62iKcBQqDJ4,Content,young and hopefull | 00s rom com playlist,3,33.33,1,0:01:48,0.0301
YT_RELATED.63ZFOAHOfqU,Content,ğŸ¹ Winter Piano in White Room | Snowy Window View Fireplace for 3 Hours | Chill Study Calm Meditation,7,14.29,1,0:05:44,0.0957
YT_RELATED.69reIgXrVck,Content,"Healing Spa Insomnia ğŸŒ¿ Sleeping Music, Water Sounds, Stress Relief, Relaxing Music, meditation",0,,1,1:00:18,1.0051
YT_RELATED.6BG89qnL1Ic,Content,Winter Relax by The Fireplace ğŸ”¥ Cozy Indie Folk & Acoustic Music for Peaceful Moments,1,100,1,1:00:17,1.0048
YT_RELATED.6HSRXRPg7zc,Content,"Moments Feel Special ğŸŒºğŸƒ Relaxing Guitar Music for Inner Peace, Sleep & Emotional Healing",3,33.33,1,0:01:27,0.0243
YT_RELATED.6JkmTm5-BCo,Content,Warm Holidayï½œ1 Hour Relaxing Guitar & Piano â€“ Cozy Winter & November Instrumental Music,8,12.5,1,0:14:44,0.2457
YT_RELATED.6KMw81rllHM,Content,Warm Acoustic Guitar Jazz â€“ Smooth Morning Winter Vibes for Focus & Background Music,1,100,1,0:00:08,0.0022
YT_RELATED.6L0sINBLsGU,Content,Ø£Ø¬Ù…Ù„ Ù…ÙˆØ³ÙŠÙ‚ÙŠ Ù„Ù„Ø­Ø¨ | Ù…ÙˆØ³ÙŠÙ‚Ù‰ Ø±ÙˆÙ…Ø§Ù†Ø³ÙŠØ© Ù„Ù„Ù…ØªØ²ÙˆØ¬ÙŠÙ† ØŒ Ù…ÙˆØ³ÙŠÙ‚Ù‰ Ù‡Ø§Ø¯Ø¦Ø©,0,,1,0:27:29,0.4583
YT_RELATED.6Z4ttk-eDPY,Content,"Time Alone With God ğŸ™ğŸ¹ | Instrumental Worship Music for Prayer, Devotion & Bible Reading ",3,33.33,1,0:03:50,0.0639
YT_RELATED.6f2uOtkOV7o,Content,Soft French Love Songs ğŸ’• A Vintage 1960s Paris CafÃ© Collection of 5 Romantic Chansons,0,,1,0:02:16,0.0379
YT_RELATED.6i9alhCdlWM,Content,ğŸ„ğŸâœ§Ë–Â° CHRISTMAS at HOGWARTS Ë–Â°âœ§ğŸ„ Ambience & Music ğŸ…ğŸ»Harry Potter inspired Holiday Special [8 HOURS],2,50,1,0:58:09,0.9692
YT_RELATED.6mu9Wd5_hJs,Content,sunny days of reading and feeling unbothered,3,0,1,0:27:51,0.4643
YT_RELATED.6rMR4laCUN8,Content,Gibran Alcocer live â€“ Elbphilharmonie Ambient Piano-Set âœ¨,1,0,1,0:01:30,0.0251
YT_RELATED.6yntjtmkcHA,Content,Peaceful Christmas View â˜• Snowy Cabin Classical for Relaxing Sleep & Focus (1 Hour),1,100,1,0:09:14,0.1541
YT_RELATED.7-sSP-Wzh-k,Content,Listen for 1 HOUR â€” 99% Anti-Stress ğŸŒ¿ Relaxing Music to Heal Your Mind & Relieve Sadness ğŸ’—,2,0,1,0:59:01,0.9838
YT_RELATED.70pawW1r_-o,Content,"Pride & Prejudice | Gentle Piano for Reading, Writing & Dreaming",1,100,1,0:00:06,0.0018
YT_RELATED.72LXA3avC2o,Content,"Cosy Winter Dreams â„ï¸ | Chill Acoustic, Indie Folk, Lofi mix for coffee, work, study, relaxing",2,50,1,0:01:27,0.0243
YT_RELATED.7DVnOqbsBM0,Content,Ğ£ÑĞ¿ĞµÑ… ĞĞµĞ¸Ğ·Ğ±ĞµĞ¶ĞµĞ½: ĞšĞ°Ğº ĞŸĞµÑ€ĞµÑÑ‚Ñ€Ğ¾Ğ¸Ñ‚ÑŒ ĞœÑ‹ÑˆĞ»ĞµĞ½Ğ¸Ğµ ĞĞ° ĞŸĞ¾Ğ±ĞµĞ´Ñƒ - Ğ”Ğ¶Ğ¾ Ğ”Ğ¸ÑĞ¿ĞµĞ½Ğ·Ğ°,1,100,1,0:07:17,0.1216
YT_RELATED.7IBYIP7Dq3s,Content,"Exam Study Music â€“ Gamma Brain Waves (40Hz), Increase Productivity and Focus, ADHD Focus Music",1,100,1,0:24:24,0.4067
YT_RELATED.7We5MYVZqpI,Content,"Slow Living November ğŸ‚ | Forest Walks, Cozy Baking, Early Morning Picnic & Crochet",1,0,1,0:58:03,0.9675
YT_RELATED.7Y2ukAKifRg,Content,Winter Cafe Vibes ~ Soft Piano Jazz for Deep Focus & Cozy Reading Ambience,18,5.56,1,1:00:10,1.003
YT_RELATED.7YAIB90kivg,Content,Enxoval no BrÃ¡s- Comprinhas Para a Mala Maternidadeâœ¨ï¸O Parto esta Chegando-Reta final de Gravidez,0,,1,0:01:29,0.0248
YT_RELATED.7bTsZpt2K8A,Content,Relaxing Jazz on a Quiet Christmas Village NightğŸ„Cozy Snowy CafÃ© Ambience for Peaceful Holiday Vibes,2,50,1,0:01:22,0.0228
YT_RELATED.7hx4gdlfamo,Content,Kenny Rogers - The Gambler,1,100,1,0:00:31,0.0089
YT_RELATED.7jTg5cDkEuo,Content,Cozy Autumn Morning Guitar - Warm Coffee Shop Acoustic for Relaxation & Study ğŸ‚,4,25,1,0:00:06,0.0018
YT_RELATED.7vQD8ESOBZs,Content,QUICK 30 MIN STUDY WITH ME â˜ï¸Relaxing Piano ğŸ¹,0,,1,0:07:08,0.1191
YT_RELATED.8-CJJxbAGJU,Content,East Duo - Nisli (Official Visualizer),1,100,1,0:00:03,0.001
YT_RELATED.87iRbzbnCXs,Content,Fairuz Norway Seven sisters waterfall |1| ÙÙŠØ±ÙˆØ²ÙŠØ§Øª Ø§Ù„ØµØ¨Ø§Ø­ Ø§Ù„Ù†Ø±ÙˆÙŠØ¬ Ø´Ù„Ø§Ù„Ø§Øª Ø§Ù„Ø§Ø®ÙˆØ§Øª Ø§Ù„Ø³Ø¨Ø¹Ù‡,1,0,1,1:00:18,1.0051
YT_RELATED.88_iSSp5kXM,Content,"David Guetta, Akon - Sexy B*tch / Lyrics",1,100,1,0:08:13,0.137
YT_RELATED.8AD8g_RCsz0,Content,Kuban - Jak gdyby nic,1,100,1,1:00:18,1.005
YT_RELATED.8CYY8EM5xYE,Content,"Ğ”ĞµĞ²Ñ‡Ğ°Ñ‚Ğ° (FullHD, ĞºĞ¾Ğ¼ĞµĞ´Ğ¸Ñ, Ñ€ĞµĞ¶. Ğ®Ñ€Ğ¸Ğ¹ Ğ§ÑƒĞ»ÑĞºĞ¸Ğ½, 1961 Ğ³.)",0,,1,0:01:10,0.0196
YT_RELATED.8ELexeiaAwc,Content,"[playlist] ëˆˆ ë‚´ë¦¬ëŠ” ì„¤ì›, ê³ ìš”íˆ ìŠ¤ë©°ë“œëŠ” ë‚˜ë§Œì˜ ì‹œê°„ | JazzVintage92 Â· Winter Notes",6,16.67,1,0:00:15,0.0044
YT_RELATED.8HfCV4IFtUg,Content,Brian Crain - Dream of Flying,2,50,1,0:24:20,0.4058
YT_RELATED.8KinEjqw4g4,Content,"Healing Nature Ambience ğŸƒ Relaxing Music & Nature Sounds for Stress Relief, Sleep Music",1,0,1,1:00:18,1.0051
YT_RELATED.8PUlwTnQBPs,Content,(No Ads) Puts You To Sleep Quickly â€¢ Relax into Deep Rest Tonight â€¢ Heal The Mind & Restore Balance,1,0,1,0:00:15,0.0043
YT_RELATED.8PVUiqndo5E,Content,Unwind with Nature ğŸŒ¸ Calming Music & Sounds for Insomnia Relief and Relaxation #studymusic,0,,1,1:00:18,1.0051
YT_RELATED.8QJWXLJqdQ0,Content,ÙÙŠØ±ÙˆØ²ÙŠØ§Øª Ø§Ù„Ø´Ø§Ù… Ø¨Ø¹Ø¯ Ø§Ù„ØªØ­Ø±ÙŠØ± Ø£Ø¬Ù…Ù„ Ø£ØºØ§Ù†ÙŠ ÙÙŠØ±ÙˆØ² Ø¹Ù† Ø³ÙˆØ±ÙŠØ§,1,0,1,0:31:22,0.5229
YT_RELATED.8QX9gO8hSI8,Content,Cozy Christmas Ambience ğŸ„ Crackling Fireplace & Peaceful Winter for Deep Sleep ğŸ”¥ Christmas Music,1,0,1,1:00:18,1.0051
YT_RELATED.8S8tNPYZqT4,Content,"â„ï¸ ëˆˆ ë®ì¸ ê²¨ìš¸ ì‚°ì¥ ì†, ë§ˆìŒì´ ë”°ëœ»í•´ì§€ëŠ” ì½”ì§€ ì¬ì¦ˆ ğŸ§ í¸ì•ˆí•˜ê²Œ í’€ë¦¬ëŠ” íë§ BGM | Winter Jazz Playlist",1,100,1,0:31:21,0.5225
YT_RELATED.8__UUCZwrWo,Content,ÙÙŠØ±ÙˆØ²ÙŠØ§Øª Ø§Ù„ØµØ¨Ø§Ø­ Ùˆ Ø¬Ù…Ø§Ù„ Ø«Ù„ÙˆØ¬  Ø§Ù„Ø´ØªØ§Ø¡ ÙÙŠ Ø£Ù„Ù…Ø§Ù†ÙŠØ§ Fairuz and snow in germany,1,0,1,0:50:06,0.8352
YT_RELATED.8ayRfePLSIw,Content,99% Deep Mind Healing with Rainfall and Bird Song ~ Just listen for 3 minutes to heal your heartğŸŒ¿,1,0,1,1:00:18,1.0051
YT_RELATED.8icMgCNznWQ,Content,"Qui aura la scÃ¨ne piÃ©gÃ©e ? 2 (ft. Squeezie, Djilsi)",2,50,1,0:34:18,0.5719
YT_RELATED.8n9gnB5B-XI,Content,Cozy Autumn Reading by the Rainy Window | Melancholic Piano & Dark Academia for Writing & Reflection,0,,1,0:33:10,0.5528
YT_RELATED.8nf5kHKFwOo,Content,2025-12-03 - Europa League and Champions League AFC E-Football ESportsBattle Stream 4,0,,1,0:42:11,0.7031
YT_RELATED.8pTsVSOxIG0,Content,GÃ¼ller ve GÃ¼nahlar 8. BÃ¶lÃ¼m - Full BÃ¶lÃ¼m,1,0,1,1:00:18,1.0051
YT_RELATED.8s3CmZdENbE,Content,"ë“£ìë§ˆì ë§ˆìŒì´ ì°¨ë¶„í•´ì§€ê³ , ì ì´ ìŸì•„ì§€ëŠ” ìŒì•… ğŸµ í–‰ë³µí•œ ê¿ˆì„ ê¾¸ëŠ” ë°¤, ì•„ë¦„ë‹¤ìš´ ìˆ˜ë©´ìŒì•…, ì•„ë¦„ë‹¤ìš´ í”¼ì•„ë…¸ìŒì•…, íë§ìŒì•…",1,100,1,0:00:12,0.0034
YT_RELATED.8scL5oJX6CM,Content,Cigarettes After Sex (Full Album) - Cigarettes After Sex,2,50,1,0:37:21,0.6226
YT_RELATED.8se1Hp59Q2k,Content,Night Before Christmas | Instrumental Piano Christmas Music,3,33.33,1,0:01:29,0.0249
YT_RELATED.8t75L-Tlmvo,Content,á€™á€„á€ºá€¹á€‚á€œá€¬á€•á€«#á€“á€™á€¹á€™á€™á€­á€á€ºá€†á€½á€±á€¡á€•á€±á€«á€„á€ºá€¸á€á€­á€¯á€·#buddha #á€á€™á€¹á€—á€¯á€’á€¹á€“á€±á€‚á€«á€‘á€¬á€á€±á€¬á€º,0,,1,0:34:08,0.5689
YT_RELATED.8udVsZ9mfnM,Content,"ARSENAL - BRENTFORD: GIá»® Vá»®NG KHOáº¢NG CÃCH, NHáº¸ NHÃ€NG GIÃ€NH 3 ÄIá»‚M | NGOáº I Háº NG ANH 25-26",2,0,1,0:05:34,0.0929
YT_RELATED.8woa-LDqfcM,Content,BirdsongğŸ•Šï¸ğŸ•Šï¸ğŸ•Šï¸ & Piano Your Secret to Office Zen  Trending Work Relief,2,0,1,0:48:22,0.8063
YT_RELATED.955mn5rw8v4,Content,KEREM ve KEMAL MAFYA Ä°LE SAVAÅIYOR! ğŸ˜± - Minecraft,0,,1,0:59:38,0.994
YT_RELATED.98wGtTEo9P8,Content,Bible Reading Music - Instrumental Prayer for Soaking in God's Presence,1,100,1,0:08:55,0.1487
YT_RELATED.9AMSQKTx04s,Content,Christmas with Tchaikovsky - Fireplace Classical Music,3,33.33,1,0:00:15,0.0042
YT_RELATED.9AuzJ2GBCGw,Content,Debussy: RÃªverie,10,10,1,0:11:38,0.1939
YT_RELATED.9C2RQIR3vYQ,Content,"Emotional Balance with NatureğŸŒ¿ Healing Music for Inner Peace, Calming music restore nervous system",3,0,1,1:00:18,1.0051
YT_RELATED.9OE83s1lVoI,Content,"week in my life âœ¨ productive study days, what's in my work bag, thrift finds, & a mental health chat",0,,1,0:16:58,0.2828
YT_RELATED.9OJsE9uYJeg,Content,"Relaxing Piano Music for Stress, Worry and Overthinking ğŸŒ¿ Calming Music for Emotional Balance",1,0,1,0:16:26,0.2742
YT_RELATED.9ZH1DDK6ZBk,Content,Fairouz. Sweden ÙÙŠØ±ÙˆØ²Ø² ÙÙŠØ±ÙˆØ²ÙŠØ§Øª Ø§Ù„ØµØ¨Ø§Ø­. Ø§Ù„Ø®Ø±ÙŠÙ Ø£Ø¬Ù…Ù„ ÙÙŠ Ø§Ù„Ø³ÙˆÙŠØ¯ Ù‡Ù„Ø³Ù†Ø¨ÙˆØ±ÙŠ,0,,1,1:00:18,1.0051
YT_RELATED.9_CNM5iQWlQ,Content,This video will find you 3 days before it happens,0,,1,1:00:18,1.0051
YT_RELATED.9dKF7kz5MPU,Content,3 Ğ´ĞµĞºĞ°Ğ±Ñ€Ñ Ğ¡Ñ€ĞµĞ´Ğ° Ğ•Ğ²Ğ°Ğ½Ğ³ĞµĞ»Ğ¸Ğµ Ğ´Ğ½Ñ 2025 ĞºĞ¾Ñ€Ğ¾Ñ‚ĞºĞ¾Ğµ! Ğ Ğ¾Ğ¶Ğ´ĞµÑÑ‚Ğ²ĞµĞ½ÑĞºĞ¸Ğ¹ Ğ¿Ğ¾ÑÑ‚,1,100,1,0:05:05,0.0847
YT_RELATED.9gt9o7PLgXo,Content,This is the most relaxing song in the world ğŸŒ§ï¸ A Break for the Mind to Forget Fatigue and Find Peace,1,0,1,0:23:58,0.3997
YT_RELATED.9jPht0WrFGY,Content,ã€BGMã€‘ãƒ›ãƒƒã¨ã²ã¨æ¯ã€‚ã‚„ã•ã—ã„æœã«å¯„ã‚Šæ·»ã†ãƒ”ã‚¢ãƒBGMï½œé™ã‹ãªæ™‚é–“ãƒ»å¿ƒã‚’æ•´ãˆã‚‹éŸ³æ¥½ã€é€”ä¸­åºƒå‘Šãªã—ã€‘,0,,1,1:00:18,1.0051
YT_RELATED.9pkwoE2men4,Content,"CANCER â³AN APOLOGY IS COMING, THIS PERSON IS EXPERIENCING THE TOWER MOMENT ğŸ™†ğŸ»ğŸ™† DECEMBER 2025 TAROT",1,100,1,0:40:01,0.6671
YT_RELATED.9plYjLMgzGs,Content,Meditation Piano Rain - Calm Piano Rain Music for Deep Breathing,0,,1,1:00:18,1.0051
YT_RELATED.9r4B4m5jTPg,Content,Peaceful Forest Rainfall ğŸŒ§ | Nighttime Dark Room Ambience for Sleep & Calm,1,100,1,1:00:18,1.0051
YT_RELATED.9r7OdvJxv9c,Content,Kevin Garrett - Faith You Might,3,33.33,1,0:46:12,0.7701
YT_RELATED.9wWr4ptbOGo,Content,ğŸ„Cozy 1950's Coffee Shop At Christmas Time: Classic Christmas Songs & Vintage Holiday Ambience â„ï¸,0,,1,1:00:18,1.0051
YT_RELATED.9y0hnYT396Q,Content,"itâ€™s snowing and vintage oldies playing in another room â„ï¸ğŸ„ cold, snowy Christmas night to unwind",4,25,1,0:03:14,0.0541
YT_RELATED.A1ddn-0WnqU,Content,"Fall Into A Deep Sleep Quickly | Beautiful Calming Music for Stress, Worry and Overthinking",0,,1,1:00:18,1.0051
YT_RELATED.A26TxabSMM4,Content,Ultimate Relaxation: Soothing Spa Sounds for Deep Sleep & Stress Relief,0,,1,0:00:26,0.0073
YT_RELATED.A3q08GkA2MI,Content,My Parents Disinvited Me from Christmasâ€”Then Demanded to Stay in My New Villa But They Didnâ€™t..,1,0,1,0:00:13,0.0037
YT_RELATED.ABaJRpVUQGI,Content,"30 Min Japanese Walking Workout | 4,500 Steps | All You Need to Know",1,0,1,0:00:09,0.0027
YT_RELATED.ADDFmfOeihU,Content,SNOW â€¢ Winter Relaxation Film 4K - Peaceful Relaxing Music - Nature 4k Video Ultra HD,1,0,1,0:07:37,0.1269
YT_RELATED.AXn_1cVS4j8,Content,GoÌˆnuÌˆl DagÌ†Ä± 195. BoÌˆluÌˆm @trt1,0,,1,0:17:10,0.2864
YT_RELATED.AdnXnm5_tes,Content,Fantasy Ambience âœ¨ Winter Wind Chimes & Blizzard Sounds,0,,1,0:44:51,0.7477
YT_RELATED.Ajjm82zyXVY,Content,2025-12-03 - Europa League and Champions League AFC E-Football ESportsBattle Stream 3,0,,1,0:42:11,0.7031
YT_RELATED.ApSaXIi_tdU,Content,Vacaciones en Roma y Toscanaâ€¦ que se salen de control | All Roads Lead to Rome,0,,1,1:00:18,1.0051
YT_RELATED.Aqp2fVu4e8g,Content,ğŸ”´ CANLI ATV HD | ATV CanlÄ± YayÄ±n Ä°zle,0,,1,0:17:10,0.2863
YT_RELATED.B10Hd221FUA,Content,"Sleeping Music for Deep Sleeping ğŸ˜´ Bamboo Water Sound, Relieves Stress, Calm Anxiety and Depression",0,,1,1:00:18,1.0051
YT_RELATED.B2oMxXhzaXE,Content,dive into the stillness of serenity :),2,50,1,0:05:41,0.0949
YT_RELATED.BBjh8baRCVE,Content,Ğ’Ğ¾ÑÑÑ‚Ğ°Ğ½Ğ¾Ğ²Ğ»ĞµĞ½Ğ¸Ğµ Ğ½ĞµÑ€Ğ²Ğ½Ğ¾Ğ¹ ÑĞ¸ÑÑ‚ĞµĞ¼Ñ‹ ğŸŒ¿ ĞĞµĞ¶Ğ½Ğ°Ñ Ğ¼ÑƒĞ·Ñ‹ĞºĞ° Ğ´Ğ»Ñ Ğ²Ğ½ÑƒÑ‚Ñ€ĞµĞ½Ğ½ĞµĞ³Ğ¾ Ğ¿Ğ¾ĞºĞ¾Ñ Ğ¸ ÑĞ½ÑÑ‚Ğ¸Ñ ÑÑ‚Ñ€ĞµÑÑĞ° #11,1,0,1,0:38:28,0.6412
YT_RELATED.BF9UnKHQFv0,Content,Secretly Using 10 Years of Savings to Renovate Family House | Surprise for Parents,0,,1,0:00:18,0.0051
YT_RELATED.BGT8Bpf42BM,Content,VISUALIZA tu Mejor VersiÃ³n: CREA la VIDA que mereces âœ¨ LECCIÃ“N #6 | CURSO RMVP   ,1,100,1,0:00:25,0.007
YT_RELATED.BHny3PM0dK8,Content,Dark Academia Winter Night Music | Melancholic Piano & Violin for Study & Focus,11,9.09,1,0:00:38,0.0108
YT_RELATED.BIlwuughFM8,Content,Idea 25 (Piano Version),7,14.29,1,0:01:20,0.0223
YT_RELATED.BMuNr3ANOl4,Content,Beautiful Relaxing Music ğŸŒ¿ Calm Nature Sounds for Stress Release & Deep Sleep | Flowrest Piano,0,,1,0:48:18,0.8051
YT_RELATED.BOu9s85_4EU,Content,"Cozy Winter Cabin Ambience â›„ Gentle Snowfall, Soft Jazz & Crackling Fireplace for Study and Sleep",5,20,1,1:00:18,1.0051
YT_RELATED.BRz_N8AxHYA,Content,"1 Hour of Calm Piano & Nature Sounds for Deep Sleep, Meditation, and Stress ReliefğŸŒ¿Serene Relaxation",4,0,1,1:00:18,1.0051
YT_RELATED.BSyest1r2Z0,Content,Ø³Ø§ÛŒÙ‡â€ŒÛŒ Ù‚ÙˆØ±Ø¦Ø§Ù† | Ø³ÙˆÙˆØ±Ù‡â€ŒØªÛŒ Ø§Ù„Ø¨Ù‚Ø±Ø© Ø¦Ù‡â€ŒÚµÙ‚Û•ÛŒ 121ØŒ Ú•Ø§Ú¤Ù‡â€ŒÛŒ Ø¦Ø§ÛŒÙ‡â€ŒØªÛŒ 258,1,0,1,0:05:40,0.0946
YT_RELATED.BT8nCPg-j58,Content,"Autumn Cozy Kitchen Ambience | Baking Sounds, Wood Burning Stove, Fall Season Birds, Crows",1,100,1,0:06:44,0.1123
YT_RELATED.BTiNIvGB994,Content,a comfort playlist for quiet people,6,0,1,1:00:18,1.0051
YT_RELATED.BUbpYR3wg_o,Content,ĞšĞ°Ğº Ğ‘Ğ¾Ñ€Ğ¾Ğ´Ğ¸Ğ½Ğ° Ğ¿Ñ‹Ñ‚Ğ°Ğ»Ğ°ÑÑŒ Ğ½Ğ°Ğ¹Ñ‚Ğ¸ Ğ²Ğ¸Ğ½Ñƒ Ğ˜Ñ€Ñ‹ ĞŸĞ¸Ğ½Ñ‡ÑƒĞº Ğ² Ğ¸Ğ·Ğ¼ĞµĞ½Ğ°Ñ…? Ğ‘Ğ¾Ğ¹ Ñ Ñ‚ĞµĞ½ÑŒÑ.,3,33.33,1,0:00:04,0.0012
YT_RELATED.BUgVbKbl1aE,Content,"a calm playlist for reading, studying or writing ğŸ“–",1,100,1,0:00:02,0.0007
YT_RELATED.BZK01onsRVM,Content,ğ™®ğ™¤ğ™ª ğ™–ğ™§ğ™š ğ™ğ™£ 'ğ™©ğ™ğ™–ğ™©' ğ™¥ğ™ğ™–ğ™¨ğ™š ğ™–ğ™œğ™–ğ™ğ™£ ; a vent playlist,0,,1,1:00:18,1.0051
YT_RELATED.BaaBHPjOf98,Content,"Beautiful Relaxing Music ğŸŒ¿ Stop Overthinking, Stress Relief Music ğŸŒ¿ Gentle Music",3,0,1,0:48:18,0.8051
YT_RELATED.Bk9Gxgmqm20,Content,"Osakaâ€™s neighbourhoods | Nakazakicho Cafe Street, Katsuoji Daruma Temple & Best Viewpoints",0,,1,1:00:18,1.0051
YT_RELATED.BumD3DxlxeM,Content,Peder B. Helland - You & Me (Piano Version),7,14.29,1,0:01:16,0.0213
YT_RELATED.BxaO51UMloA,Content,Ø§Ù„Ø´ÙŠØ® Ø³Ø¹Ø¯ Ø§Ù„ØºØ§Ù…Ø¯ÙŠ  ØªÙ„Ø§ÙˆØ© Ø¹Ø°Ø¨Ø© ØªØ±ÙŠØ­ Ø§Ù„Ù‚Ù„Ø¨  Ø³ÙˆØ±Ø© ÙŠØ³ + Ø§Ù„ÙˆØ§Ù‚Ø¹Ø© + Ø§Ù„Ø±Ø­Ù…Ù† + Ø§Ù„Ù…Ù„Ùƒ Ù„Ø²ÙŠØ§Ø¯Ø© Ø§Ù„Ø±Ø²Ù‚ Ùˆ Ø§Ù„Ø¨Ø±ÙƒØ©,0,,1,1:00:18,1.0051
YT_RELATED.C-tu_eeYKzE,Content,"Music heals the heart and blood vesselsğŸŒ¿ Soothing music restores the nervous system, relaxing",1,0,1,0:12:40,0.2112
YT_RELATED.C1Xa4Eei3OE,Content,Timeless Christmas | Nostalgic Jazz Songs 2026 & Classic Holiday Oldies Playlist,1,100,1,0:20:47,0.3464
YT_RELATED.C4z28kv8GYQ,Content,"Beautiful Relaxing Music - Stop Overthinking, Anti-Stress Music #3",0,,1,0:19:04,0.3178
YT_RELATED.C8YyBh9JANM,Content,"Fall Asleep Quickly â€¢ Anxiety Relief, Melatonin Release â€¢ Stop Overthinking â€¢ Deep Healing Sleep",0,,1,1:00:18,1.0051
YT_RELATED.CEc4uljjbwY,Content,Judeline - zarcillos de plata (Visualizer),1,100,1,0:05:24,0.0901
YT_RELATED.CFpwdlVirGg,Content,Ğ¯Ğ¼Ğ°Ğ¹ĞºĞ°. ĞÑ€ĞµÌˆĞ» Ğ¸ Ğ ĞµÑˆĞºĞ°. ĞŸĞµÑ€ĞµĞ·Ğ°Ğ³Ñ€ÑƒĞ·ĞºĞ°. ĞĞœĞ•Ğ Ğ˜ĞšĞ (english subtitles),1,0,1,0:40:50,0.6808
YT_RELATED.CL-6z_MNVXE,Content,ğ’ğ¥ğğğ© ğˆğ§ğ¬ğ­ğšğ§ğ­ğ¥ğ² â€” ğğğšğœğğŸğ®ğ¥ ğ‘ğšğ¢ğ§ ğšğ§ğ ğ’ğ¨ğŸğ­ ğğ¢ğšğ§ğ¨ ğŸğ¨ğ« ğ‘ğğ¥ğšğ±ğšğ­ğ¢ğ¨ğ§ & ğƒğğğ© ğ‘ğğ¬ğ­,0,,1,1:00:18,1.0051
YT_RELATED.CQIdwp7Njfg,Content,Sunset Evening Glow | Sunset Beach View | Candle Ambiance,0,,1,1:00:18,1.0051
YT_RELATED.CUIdMusnugs,Content,"(4K) 11 Hours of Winter Wonderland + Calming Hang Drum Music for Relaxation, Stress Relief [UHD]",1,100,1,0:00:05,0.0014
YT_RELATED.CW0AsgdPvHY,Content,Warm and Cozy Winter Room: Enjoy Snowfall Outside and a Crackling Fireplace - Ambience to Unwind,0,,1,1:00:18,1.0051
YT_RELATED.CY3JRB4dw6E,Content,"Beautiful Relaxing Music ğŸŒ¿ Stop Overthinking, Stress Relief Music ğŸŒ¿ Calming Autumn Melodies",0,,1,1:00:18,1.0051
YT_RELATED.CZNbqUagTeo,Content,a playlist for reflective moments spent in the calm of your favorite space,1,100,1,0:00:05,0.0014
YT_RELATED.ChD7mv5QvGY,Content,The idle hours | Piano Playlist,27,3.7,1,0:04:00,0.0667
YT_RELATED.CpLnVLnFZs0,Content,Ø¨ÛŒØ®ÙˆØ¯ÛŒ Ø¨Ø§Ø´!,1,100,1,0:15:44,0.2623
YT_RELATED.CsE-IjJZ8UU,Content,Christmas Ambience at the Victorian Mansion | Hauting Piano & Cello | Dark Academia Winter Playlist,1,100,1,0:00:02,0.0007
YT_RELATED.CwIVqtWoDqs,Content,"25 ÑĞ°Ğ¼Ñ‹Ñ… Ğ¿Ñ€ĞµĞºÑ€Ğ°ÑĞ½Ñ‹Ñ… ĞºĞ»Ğ°ÑÑĞ¸Ñ‡ĞµÑĞºĞ¸Ñ… Ğ¿Ñ€Ğ¾Ğ¸Ğ·Ğ²ĞµĞ´ĞµĞ½Ğ¸Ğ¹ Ğ´Ğ»Ñ Ğ´ÑƒÑˆĞ¸ Ğ¸ ÑĞµÑ€Ğ´Ñ†Ğ° ğŸ¼ ĞœĞ¾Ñ†Ğ°Ñ€Ñ‚, Ğ‘ĞµÑ‚Ñ…Ğ¾Ğ²ĞµĞ½, Ğ¨Ğ¾Ğ¿ĞµĞ½, Ğ‘Ğ°Ñ…",1,100,1,0:00:06,0.0017
YT_RELATED.D1IYR9_GU7Q,Content,à¸à¸²à¸à¸¢à¹Œà¹„à¸—à¸¢| EP.06 à¸‰à¸²à¸‡à¹€à¸à¸­à¸ªà¸´à¸‡ The Long Ballad |à¹€à¸£à¸·à¹ˆà¸­à¸‡à¸£à¸²à¸§à¸„à¸§à¸²à¸¡à¸£à¸±à¸à¸‚à¸­à¸‡à¹€à¸ˆà¹‰à¸²à¸«à¸à¸´à¸‡à¸à¹€à¸™à¸ˆà¸£à¸à¸±à¸šà¸£à¸²à¸Šà¸²à¸«à¸¡à¸²à¸›à¹ˆà¸²à¹à¸«à¹ˆà¸‡à¸—à¸¸à¹ˆà¸‡à¸«à¸à¹‰à¸²,0,,1,1:00:18,1.0051
YT_RELATED.D1f2dSi7kG4,Content,"ğğ¥ğšğ²ğ¥ğ¢ğ¬ğ­ ""ğšˆğš˜ğš ğšŠğš›ğš ğšğšŠğš•ğš•ğš’ğš—ğš ğš’ğš— ğš•ğš˜ğšŸğš ğš ğš’ğšğš‘ ğšğš‘ğšğš–""",6,16.67,1,1:00:18,1.0051
YT_RELATED.DE17qncwicE,Content,â„ï¸ Winter Crown of the Northern Kings â€“ Relaxing Celtic Music for Deep Reflection,0,,1,0:28:35,0.4764
YT_RELATED.DGFLa4TAubM,Content,The WORST Owners | BRAND NEW Season Kitchen Nightmares | Compilation | Gordon Ramsay,0,,1,0:37:23,0.6232
YT_RELATED.DIcr3YX6mQg,Content,Letting Go.,5,20,1,0:00:03,0.0011
YT_RELATED.DIgPn35Cl6I,Content,21 GÃ¼n Yoga AteÅŸ Elementi | Handstand & Kol DuruÅŸlar Ä°Ã§in Kuvvet Dersi (Her Seviyeye Uygun),1,0,1,0:03:26,0.0574
YT_RELATED.DMjDYKwlDRg,Content,"Amazonâ€™s Hidden Beauties, Tiny Marvels of Nature â€“ Unveiling the Most Beautiful Small Birds on Earth",1,0,1,1:00:18,1.0051
YT_RELATED.DRyPpgOyUBk,Content,Christmas Instrumental Music â„ï¸ Soft Holiday Melodies â€“ Snowy Winter Sleigh Ride,1,100,1,0:00:36,0.0101
YT_RELATED.DVtnQz_9Pz0,Content,Lana Del Rey - Summertime Sadness (Lyrics),1,100,1,0:25:56,0.4324
YT_RELATED.DYV4Ps3UqDQ,Content,é€èµ°1000äººå†æ— ç²¾ç¥å†…è€—-æˆ‘ç”¨â€œæ®¡è‘¬å¸ˆæ€ç»´â€æˆ’æ‰äº†ç²¾ç¥å†…è€—,1,100,1,0:22:12,0.3703
YT_RELATED.DbWCD2-nwBs,Content,Wat je NIET ziet in de vlogs & Gen Z vs. Millennial ğŸ˜… | Q&A,1,0,1,0:01:55,0.0322
YT_RELATED.Dkj3VZfmwk0,Content,quiet moments in a noisy life. â€” (a relaxing mood playlist),14,7.14,1,0:19:38,0.3275
YT_RELATED.DrJ3Ym5VpJY,Content,Ğ ĞĞ–Ğ”Ğ•Ğ¡Ğ¢Ğ’Ğ 25 - Ğ¡Ğ‘ĞĞ ĞĞ˜Ğš ĞŸĞ•Ğ¡Ğ•Ğ â„–-1,1,100,1,0:00:14,0.0041
YT_RELATED.DyOVk86bOJI,Content,GOOD MORNING MUSIC ğŸ¥° POWERFUL HAPPY Positive Meditation Music Energy 528hz,1,100,1,0:03:25,0.0571
YT_RELATED.E-0j3QqBpDk,Content,ğŸµ Un Momento para MÃ­ ğŸ’™ MÃºsica para la Paz Interior #17,1,0,1,0:01:19,0.0222
YT_RELATED.E-X-bJZ0Wxs,Content,"Beautiful Relaxing Music - Stop Overthinking, Stress Relief Music, Sleep Music, Calming Music",4,25,1,0:00:01,0.0004
YT_RELATED.E1FNlP77eyI,Content,Winter Playlist Warm & Cozy | Indie Folk/Acoustic Compilation,3,33.33,1,1:00:18,1.0051
YT_RELATED.E42TfodDzUk,Content,"Journaling Music ğŸµ Relaxing Playlist for Writing, Reading, Studying",3,33.33,1,0:00:10,0.0028
YT_RELATED.E7EOjkGVmyo,Content,1 HOUR ORIGINAL RELAXING PIANO \\ Jacob's Piano,3,0,1,1:00:18,1.0053
YT_RELATED.E80_9eyoePA,Content,My Top 10 Writing Lessons from 2025,0,,1,0:14:51,0.2476
YT_RELATED.E9ba-xfabT0,Content,The Woman in Black (2012)- Lawyer arrives in village of Crythin Gifford to retrieve estate documents,1,0,1,0:00:04,0.0012
YT_RELATED.EBkRj7kx2Jk,Content,ÙƒÙŠÙ ØªØªØ®Ù„Ù‘Øµ Ù…Ù† Ø§Ù„Ø³ÙƒØ± ÙÙŠ Ø¬Ø³Ù…Ùƒ Ø¨Ø³Ø±Ø¹Ø©! | Ø¯. ÙˆÙŠÙ„ÙŠØ§Ù… Ù„ÙŠ,0,,1,0:00:46,0.0128
YT_RELATED.EE9yktw-qOw,Content,"Happy Winter Playlist, 2026 â„ï¸â˜• Uplifting Music to Boost Your Mood | Coffee & Work Chill",4,25,1,0:00:09,0.0027
YT_RELATED.EEWg-J5OX14,Content,"Just Live As Life It Is ğŸ’œğŸ¤ Relaxing Guitar Music for Peace, Healing & Mindful Moments",7,14.29,1,0:00:13,0.0038
YT_RELATED.EIctANEDYX8,Content,Window Ambience ğŸŒ§ï¸ Autumn Rain & Thunder in Edinburgh ğŸ,2,50,1,0:39:17,0.655
YT_RELATED.EJBGC1D9Bus,Content,"Peaceful Christmas Music for Relaxation ğŸ„ Cozy Christmas Eve with Crackling Fireplace ğŸ”¥ Study, Calm",8,12.5,1,0:12:55,0.2153
YT_RELATED.EK0sISXM4co,Content,KARLOS BENDA : REAKCE na CLASH 14 - ZÃ¡vÄ›reÄnÃ¡ tiskovÃ¡ konference ... kdo vyhraje PYRAMIDU ?,0,,1,0:25:35,0.4266
YT_RELATED.EKSS3ILbmBk,Content,Cao ThÃ nh TrÃºc VS Tráº§n Quyáº¿t Chiáº¿n | GIáº¢I 3C NAM VÃ” Äá»ŠCH HBSF - MIN TABLE 2025,1,0,1,1:00:18,1.0051
YT_RELATED.ENqBhrsqQkg,Content,Cozy October Morning Piano | Peaceful Autumn Melodies for Study & Relaxation. Calm Piano Moments,1,100,1,0:56:14,0.9375
YT_RELATED.ERLhrchUOBo,Content,Trying to be okay in a world that never felt like home anyway..,1,100,1,0:03:01,0.0504
YT_RELATED.EWi58_Or0aU,Content,"VLOGMAS 0 DIENA! (PasipuoÅ¡kime egle kartu, Temu haulas) ",0,,1,0:52:08,0.8691
YT_RELATED.EX1HlvsVVZw,Content,DÃ‰JAME ENTRAR y estaremos juntos PARA SIEMPRE: El POLTERGEIST DONOVAN (CASO WARREN),0,,1,0:01:25,0.0237
YT_RELATED.EaUQbQ2PL-4,Content,1 HOUR RELAXING PIANO \\ Studying and Relaxation \\ Jacob's Piano,1,100,1,0:32:43,0.5455
YT_RELATED.EcZj5ZdJrrU,Content,ã€æœ‰ç›Šã€‘ã€äººç”Ÿã¤ã‚‰ã„æ™‚ã®å‡¦æ–¹ç®‹ã€‘ä»Šæ—¥ã‹ã‚‰å°‘ã—ç”Ÿãã‚„ã™ããªã‚‹è©±ãƒ»ãƒ»ãƒ»äººç”Ÿã«è‰²ã€…ã‚ã£ã¦ã€ã‚‚ã†ç„¡ç†ã‹ã‚‚ã€å¹¸ã›ã«ãªã‚ŠãŸã„ã®ã«é ã„ãƒ»ãƒ»ãƒ»ãã‚“ãªæ°—æŒã¡ã«ãªã‚‹æ—¥ã£ã¦èª°ã«ã§ã‚‚ã‚ã‚Šã¾ã™ã‚ˆã­ãƒ»ãƒ»ãƒ»ã€ã‚¬ãƒ«ã¡ã‚ƒã‚“é›‘è«‡ã€‘,0,,1,0:00:11,0.0031
YT_RELATED.EdOomv3VBQw,Content,Modlitwa RÃ³Å¼aÅ„cowa: Tajemnice bolesne (na wtorki oraz piÄ…tki),0,,1,1:00:18,1.0051
YT_RELATED.EdacBIMCMug,Content,ÙÙŠØ±ÙˆØ²ÙŠØ§Øª Ø§Ù„ØµØ¨Ø§Ø­ Ø§Ø¬Ù…Ù„ Ø§ØºØ§Ù†ÙŠ ÙÙŠØ±ÙˆØ² Ù…Ø¹ Ø¬Ù…Ø§Ù„ Ø§Ù„Ø·Ø¨ÙŠØ¹Ø© ÙÙŠ Ø³ÙˆÙŠØ³Ø±Ø§ . fayrouz song .ÙÙŠØ±ÙˆØ² Ù‚Ù‡ÙˆØ© Ø§Ù„ØµØ¨Ø§Ø­,0,,1,1:00:18,1.0051
YT_RELATED.EgJcriSSrMI,Content,it's late at night and you're thinking about life (quiet instrumental playlist),9,11.11,1,1:00:05,1.0015
YT_RELATED.ElWc-mDf5AY,Content,"Relaxing Music & Water Sounds for Meditation ğŸŒ¿ Relieve Stress, Anxiety & Depression, Remove Insomnia",1,0,1,0:41:27,0.6911
YT_RELATED.EpYe3YOGSKQ,Content,Warm Piano Jazz Cafe Music - Chill Out & Relax with Smooth Background Sounds â˜• Cozy,2,50,1,0:00:06,0.0017
YT_RELATED.EprQj4qLkjs,Content,Morning Productivity Music ğŸ§ Energizing Tunes for Cleaning Efficiently,1,100,1,0:00:01,0.0005
YT_RELATED.EvKovYxuMi4,Content,1 Hour - Tiá»‡c TrÃ  Sao - æ˜ŸèŒ¶ä¼š - ç°æ¾ˆ | China Song (Douyin) (2020-2025),0,,1,0:35:58,0.5997
YT_RELATED.EwVar10FfAg,Content,JAPÃN VACSORAESTET TARTOTTAM A BARÃTAIMNAK | Magyar Barbara,0,,1,1:00:18,1.005
YT_RELATED.F2oMoyi6zFA,Content,"Sleeping Music for Deep Sleeping ğŸ˜´ Water Sounds, Meditation Music, Calming Piano for Stress Relief",3,0,1,0:26:09,0.4358
YT_RELATED.F5LMwb_MIFc,Content,Show en vivo en teatro El Nacional,0,,1,0:12:03,0.201
YT_RELATED.FA3Sc9Cy39M,Content,#Ø§Ù„Ù…Ø§Ù†ÙŠØ§ #Ø§Ù„Ù†Ù…Ø³Ø§  #Ø¬Ø¨Ø§Ù„_Ø§Ù„Ø§Ù„Ø¨ #ÙÙŠØ±ÙˆØ²ÙŠØ§Øª_ØµØ¨Ø§Ø­ #Ù‚Ù‡ÙˆØ©_Ø§Ù„ØµØ¨Ø§Ø­ #salzburg #hallstatt #ÙÙŠØ±ÙˆØ² #ØºØ§Ø¨Ø§Øª #Ø·Ø¨ÙŠØ¹Ø©,1,0,1,0:27:38,0.4606
YT_RELATED.FCVku0-e4QM,Content,Ø³Ø¨Ø¨ Ø§Ø®ØªÙØ§Ø¡ ÙƒÙˆÙ„ÙŠÙ† Ø±ØªØ²Ø± Ø§ØªØµÙˆØ± Ø¨ÙƒØ§Ù…ÙŠØ±Ù‡ Ø§Ù„Ù…Ø¯Ø±Ø³Ù‡ ğŸ“¸,1,100,1,0:10:59,0.1833
YT_RELATED.FD5HLpn6meI,Content,HOLY S***! Iâ€™ve Never Seen Light Like This in Iceland!,0,,1,0:02:06,0.0352
YT_RELATED.FJQ-gh_2sIo,Content,Tom and Jerry | Mega Episode: Golden Era Vol. 2 | Warner Classics,2,0,1,0:28:07,0.4687
Showing top 500 results
